,system1,system2,system3,system4,system5,system6,system7,system8,system9,system10
0,10.0,5.0,100.0,5.0,5.0,10.0,15.0,20.0,30.0,30.0
1,200.0,5.0,100.0,5.0,5.0,10.0,15.0,20.0,30.0,30.0
2,10.0,20.0,100.0,5.0,5.0,10.0,15.0,20.0,30.0,30.0
3,200.0,20.0,100.0,5.0,5.0,10.0,15.0,20.0,30.0,30.0
4,10.0,5.0,200.0,5.0,5.0,10.0,15.0,20.0,30.0,30.0
5,200.0,5.0,200.0,5.0,5.0,10.0,15.0,20.0,30.0,30.0
6,10.0,20.0,200.0,5.0,5.0,10.0,15.0,20.0,30.0,30.0
7,200.0,20.0,200.0,5.0,5.0,10.0,15.0,20.0,30.0,30.0
8,10.0,5.0,100.0,10.0,5.0,10.0,15.0,20.0,30.0,30.0
9,200.0,5.0,100.0,10.0,5.0,10.0,15.0,20.0,30.0,30.0
10,10.0,20.0,100.0,10.0,5.0,10.0,15.0,20.0,30.0,30.0
11,200.0,20.0,100.0,10.0,5.0,10.0,15.0,20.0,30.0,30.0
12,10.0,5.0,200.0,10.0,5.0,10.0,15.0,20.0,30.0,30.0
13,200.0,5.0,200.0,10.0,5.0,10.0,15.0,20.0,30.0,30.0
14,10.0,20.0,200.0,10.0,5.0,10.0,15.0,20.0,30.0,30.0
15,200.0,20.0,200.0,10.0,5.0,10.0,15.0,20.0,30.0,30.0
16,10.0,5.0,100.0,5.0,50.0,10.0,15.0,20.0,30.0,30.0
17,200.0,5.0,100.0,5.0,50.0,10.0,15.0,20.0,30.0,30.0
18,10.0,20.0,100.0,5.0,50.0,10.0,15.0,20.0,30.0,30.0
19,200.0,20.0,100.0,5.0,50.0,10.0,15.0,20.0,30.0,30.0
20,10.0,5.0,200.0,5.0,50.0,10.0,15.0,20.0,30.0,30.0
21,200.0,5.0,200.0,5.0,50.0,10.0,15.0,20.0,30.0,30.0
22,10.0,20.0,200.0,5.0,50.0,10.0,15.0,20.0,30.0,30.0
23,200.0,20.0,200.0,5.0,50.0,10.0,15.0,20.0,30.0,30.0
24,10.0,5.0,100.0,10.0,50.0,10.0,15.0,20.0,30.0,30.0
25,200.0,5.0,100.0,10.0,50.0,10.0,15.0,20.0,30.0,30.0
26,10.0,20.0,100.0,10.0,50.0,10.0,15.0,20.0,30.0,30.0
27,200.0,20.0,100.0,10.0,50.0,10.0,15.0,20.0,30.0,30.0
28,10.0,5.0,200.0,10.0,50.0,10.0,15.0,20.0,30.0,30.0
29,200.0,5.0,200.0,10.0,50.0,10.0,15.0,20.0,30.0,30.0
30,10.0,20.0,200.0,10.0,50.0,10.0,15.0,20.0,30.0,30.0
31,200.0,20.0,200.0,10.0,50.0,10.0,15.0,20.0,30.0,30.0
32,10.0,5.0,100.0,5.0,5.0,40.0,15.0,20.0,30.0,30.0
33,200.0,5.0,100.0,5.0,5.0,40.0,15.0,20.0,30.0,30.0
34,10.0,20.0,100.0,5.0,5.0,40.0,15.0,20.0,30.0,30.0
35,200.0,20.0,100.0,5.0,5.0,40.0,15.0,20.0,30.0,30.0
36,10.0,5.0,200.0,5.0,5.0,40.0,15.0,20.0,30.0,30.0
37,200.0,5.0,200.0,5.0,5.0,40.0,15.0,20.0,30.0,30.0
38,10.0,20.0,200.0,5.0,5.0,40.0,15.0,20.0,30.0,30.0
39,200.0,20.0,200.0,5.0,5.0,40.0,15.0,20.0,30.0,30.0
40,10.0,5.0,100.0,10.0,5.0,40.0,15.0,20.0,30.0,30.0
41,200.0,5.0,100.0,10.0,5.0,40.0,15.0,20.0,30.0,30.0
42,10.0,20.0,100.0,10.0,5.0,40.0,15.0,20.0,30.0,30.0
43,200.0,20.0,100.0,10.0,5.0,40.0,15.0,20.0,30.0,30.0
44,10.0,5.0,200.0,10.0,5.0,40.0,15.0,20.0,30.0,30.0
45,200.0,5.0,200.0,10.0,5.0,40.0,15.0,20.0,30.0,30.0
46,10.0,20.0,200.0,10.0,5.0,40.0,15.0,20.0,30.0,30.0
47,200.0,20.0,200.0,10.0,5.0,40.0,15.0,20.0,30.0,30.0
48,10.0,5.0,100.0,5.0,50.0,40.0,15.0,20.0,30.0,30.0
49,200.0,5.0,100.0,5.0,50.0,40.0,15.0,20.0,30.0,30.0
50,10.0,20.0,100.0,5.0,50.0,40.0,15.0,20.0,30.0,30.0
51,200.0,20.0,100.0,5.0,50.0,40.0,15.0,20.0,30.0,30.0
52,10.0,5.0,200.0,5.0,50.0,40.0,15.0,20.0,30.0,30.0
53,200.0,5.0,200.0,5.0,50.0,40.0,15.0,20.0,30.0,30.0
54,10.0,20.0,200.0,5.0,50.0,40.0,15.0,20.0,30.0,30.0
55,200.0,20.0,200.0,5.0,50.0,40.0,15.0,20.0,30.0,30.0
56,10.0,5.0,100.0,10.0,50.0,40.0,15.0,20.0,30.0,30.0
57,200.0,5.0,100.0,10.0,50.0,40.0,15.0,20.0,30.0,30.0
58,10.0,20.0,100.0,10.0,50.0,40.0,15.0,20.0,30.0,30.0
59,200.0,20.0,100.0,10.0,50.0,40.0,15.0,20.0,30.0,30.0
60,10.0,5.0,200.0,10.0,50.0,40.0,15.0,20.0,30.0,30.0
61,200.0,5.0,200.0,10.0,50.0,40.0,15.0,20.0,30.0,30.0
62,10.0,20.0,200.0,10.0,50.0,40.0,15.0,20.0,30.0,30.0
63,200.0,20.0,200.0,10.0,50.0,40.0,15.0,20.0,30.0,30.0
64,10.0,5.0,100.0,5.0,5.0,10.0,60.0,20.0,30.0,30.0
65,200.0,5.0,100.0,5.0,5.0,10.0,60.0,20.0,30.0,30.0
66,10.0,20.0,100.0,5.0,5.0,10.0,60.0,20.0,30.0,30.0
67,200.0,20.0,100.0,5.0,5.0,10.0,60.0,20.0,30.0,30.0
68,10.0,5.0,200.0,5.0,5.0,10.0,60.0,20.0,30.0,30.0
69,200.0,5.0,200.0,5.0,5.0,10.0,60.0,20.0,30.0,30.0
70,10.0,20.0,200.0,5.0,5.0,10.0,60.0,20.0,30.0,30.0
71,200.0,20.0,200.0,5.0,5.0,10.0,60.0,20.0,30.0,30.0
72,10.0,5.0,100.0,10.0,5.0,10.0,60.0,20.0,30.0,30.0
73,200.0,5.0,100.0,10.0,5.0,10.0,60.0,20.0,30.0,30.0
74,10.0,20.0,100.0,10.0,5.0,10.0,60.0,20.0,30.0,30.0
75,200.0,20.0,100.0,10.0,5.0,10.0,60.0,20.0,30.0,30.0
76,10.0,5.0,200.0,10.0,5.0,10.0,60.0,20.0,30.0,30.0
77,200.0,5.0,200.0,10.0,5.0,10.0,60.0,20.0,30.0,30.0
78,10.0,20.0,200.0,10.0,5.0,10.0,60.0,20.0,30.0,30.0
79,200.0,20.0,200.0,10.0,5.0,10.0,60.0,20.0,30.0,30.0
80,10.0,5.0,100.0,5.0,50.0,10.0,60.0,20.0,30.0,30.0
81,200.0,5.0,100.0,5.0,50.0,10.0,60.0,20.0,30.0,30.0
82,10.0,20.0,100.0,5.0,50.0,10.0,60.0,20.0,30.0,30.0
83,200.0,20.0,100.0,5.0,50.0,10.0,60.0,20.0,30.0,30.0
84,10.0,5.0,200.0,5.0,50.0,10.0,60.0,20.0,30.0,30.0
85,200.0,5.0,200.0,5.0,50.0,10.0,60.0,20.0,30.0,30.0
86,10.0,20.0,200.0,5.0,50.0,10.0,60.0,20.0,30.0,30.0
87,200.0,20.0,200.0,5.0,50.0,10.0,60.0,20.0,30.0,30.0
88,10.0,5.0,100.0,10.0,50.0,10.0,60.0,20.0,30.0,30.0
89,200.0,5.0,100.0,10.0,50.0,10.0,60.0,20.0,30.0,30.0
90,10.0,20.0,100.0,10.0,50.0,10.0,60.0,20.0,30.0,30.0
91,200.0,20.0,100.0,10.0,50.0,10.0,60.0,20.0,30.0,30.0
92,10.0,5.0,200.0,10.0,50.0,10.0,60.0,20.0,30.0,30.0
93,200.0,5.0,200.0,10.0,50.0,10.0,60.0,20.0,30.0,30.0
94,10.0,20.0,200.0,10.0,50.0,10.0,60.0,20.0,30.0,30.0
95,200.0,20.0,200.0,10.0,50.0,10.0,60.0,20.0,30.0,30.0
96,10.0,5.0,100.0,5.0,5.0,40.0,60.0,20.0,30.0,30.0
97,200.0,5.0,100.0,5.0,5.0,40.0,60.0,20.0,30.0,30.0
98,10.0,20.0,100.0,5.0,5.0,40.0,60.0,20.0,30.0,30.0
99,200.0,20.0,100.0,5.0,5.0,40.0,60.0,20.0,30.0,30.0
100,10.0,5.0,200.0,5.0,5.0,40.0,60.0,20.0,30.0,30.0
101,200.0,5.0,200.0,5.0,5.0,40.0,60.0,20.0,30.0,30.0
102,10.0,20.0,200.0,5.0,5.0,40.0,60.0,20.0,30.0,30.0
103,200.0,20.0,200.0,5.0,5.0,40.0,60.0,20.0,30.0,30.0
104,10.0,5.0,100.0,10.0,5.0,40.0,60.0,20.0,30.0,30.0
105,200.0,5.0,100.0,10.0,5.0,40.0,60.0,20.0,30.0,30.0
106,10.0,20.0,100.0,10.0,5.0,40.0,60.0,20.0,30.0,30.0
107,200.0,20.0,100.0,10.0,5.0,40.0,60.0,20.0,30.0,30.0
108,10.0,5.0,200.0,10.0,5.0,40.0,60.0,20.0,30.0,30.0
109,200.0,5.0,200.0,10.0,5.0,40.0,60.0,20.0,30.0,30.0
110,10.0,20.0,200.0,10.0,5.0,40.0,60.0,20.0,30.0,30.0
111,200.0,20.0,200.0,10.0,5.0,40.0,60.0,20.0,30.0,30.0
112,10.0,5.0,100.0,5.0,50.0,40.0,60.0,20.0,30.0,30.0
113,200.0,5.0,100.0,5.0,50.0,40.0,60.0,20.0,30.0,30.0
114,10.0,20.0,100.0,5.0,50.0,40.0,60.0,20.0,30.0,30.0
115,200.0,20.0,100.0,5.0,50.0,40.0,60.0,20.0,30.0,30.0
116,10.0,5.0,200.0,5.0,50.0,40.0,60.0,20.0,30.0,30.0
117,200.0,5.0,200.0,5.0,50.0,40.0,60.0,20.0,30.0,30.0
118,10.0,20.0,200.0,5.0,50.0,40.0,60.0,20.0,30.0,30.0
119,200.0,20.0,200.0,5.0,50.0,40.0,60.0,20.0,30.0,30.0
120,10.0,5.0,100.0,10.0,50.0,40.0,60.0,20.0,30.0,30.0
121,200.0,5.0,100.0,10.0,50.0,40.0,60.0,20.0,30.0,30.0
122,10.0,20.0,100.0,10.0,50.0,40.0,60.0,20.0,30.0,30.0
123,200.0,20.0,100.0,10.0,50.0,40.0,60.0,20.0,30.0,30.0
124,10.0,5.0,200.0,10.0,50.0,40.0,60.0,20.0,30.0,30.0
125,200.0,5.0,200.0,10.0,50.0,40.0,60.0,20.0,30.0,30.0
126,10.0,20.0,200.0,10.0,50.0,40.0,60.0,20.0,30.0,30.0
127,200.0,20.0,200.0,10.0,50.0,40.0,60.0,20.0,30.0,30.0
128,10.0,5.0,100.0,5.0,5.0,10.0,15.0,80.0,30.0,30.0
129,200.0,5.0,100.0,5.0,5.0,10.0,15.0,80.0,30.0,30.0
130,10.0,20.0,100.0,5.0,5.0,10.0,15.0,80.0,30.0,30.0
131,200.0,20.0,100.0,5.0,5.0,10.0,15.0,80.0,30.0,30.0
132,10.0,5.0,200.0,5.0,5.0,10.0,15.0,80.0,30.0,30.0
133,200.0,5.0,200.0,5.0,5.0,10.0,15.0,80.0,30.0,30.0
134,10.0,20.0,200.0,5.0,5.0,10.0,15.0,80.0,30.0,30.0
135,200.0,20.0,200.0,5.0,5.0,10.0,15.0,80.0,30.0,30.0
136,10.0,5.0,100.0,10.0,5.0,10.0,15.0,80.0,30.0,30.0
137,200.0,5.0,100.0,10.0,5.0,10.0,15.0,80.0,30.0,30.0
138,10.0,20.0,100.0,10.0,5.0,10.0,15.0,80.0,30.0,30.0
139,200.0,20.0,100.0,10.0,5.0,10.0,15.0,80.0,30.0,30.0
140,10.0,5.0,200.0,10.0,5.0,10.0,15.0,80.0,30.0,30.0
141,200.0,5.0,200.0,10.0,5.0,10.0,15.0,80.0,30.0,30.0
142,10.0,20.0,200.0,10.0,5.0,10.0,15.0,80.0,30.0,30.0
143,200.0,20.0,200.0,10.0,5.0,10.0,15.0,80.0,30.0,30.0
144,10.0,5.0,100.0,5.0,50.0,10.0,15.0,80.0,30.0,30.0
145,200.0,5.0,100.0,5.0,50.0,10.0,15.0,80.0,30.0,30.0
146,10.0,20.0,100.0,5.0,50.0,10.0,15.0,80.0,30.0,30.0
147,200.0,20.0,100.0,5.0,50.0,10.0,15.0,80.0,30.0,30.0
148,10.0,5.0,200.0,5.0,50.0,10.0,15.0,80.0,30.0,30.0
149,200.0,5.0,200.0,5.0,50.0,10.0,15.0,80.0,30.0,30.0
150,10.0,20.0,200.0,5.0,50.0,10.0,15.0,80.0,30.0,30.0
151,200.0,20.0,200.0,5.0,50.0,10.0,15.0,80.0,30.0,30.0
152,10.0,5.0,100.0,10.0,50.0,10.0,15.0,80.0,30.0,30.0
153,200.0,5.0,100.0,10.0,50.0,10.0,15.0,80.0,30.0,30.0
154,10.0,20.0,100.0,10.0,50.0,10.0,15.0,80.0,30.0,30.0
155,200.0,20.0,100.0,10.0,50.0,10.0,15.0,80.0,30.0,30.0
156,10.0,5.0,200.0,10.0,50.0,10.0,15.0,80.0,30.0,30.0
157,200.0,5.0,200.0,10.0,50.0,10.0,15.0,80.0,30.0,30.0
158,10.0,20.0,200.0,10.0,50.0,10.0,15.0,80.0,30.0,30.0
159,200.0,20.0,200.0,10.0,50.0,10.0,15.0,80.0,30.0,30.0
160,10.0,5.0,100.0,5.0,5.0,40.0,15.0,80.0,30.0,30.0
161,200.0,5.0,100.0,5.0,5.0,40.0,15.0,80.0,30.0,30.0
162,10.0,20.0,100.0,5.0,5.0,40.0,15.0,80.0,30.0,30.0
163,200.0,20.0,100.0,5.0,5.0,40.0,15.0,80.0,30.0,30.0
164,10.0,5.0,200.0,5.0,5.0,40.0,15.0,80.0,30.0,30.0
165,200.0,5.0,200.0,5.0,5.0,40.0,15.0,80.0,30.0,30.0
166,10.0,20.0,200.0,5.0,5.0,40.0,15.0,80.0,30.0,30.0
167,200.0,20.0,200.0,5.0,5.0,40.0,15.0,80.0,30.0,30.0
168,10.0,5.0,100.0,10.0,5.0,40.0,15.0,80.0,30.0,30.0
169,200.0,5.0,100.0,10.0,5.0,40.0,15.0,80.0,30.0,30.0
170,10.0,20.0,100.0,10.0,5.0,40.0,15.0,80.0,30.0,30.0
171,200.0,20.0,100.0,10.0,5.0,40.0,15.0,80.0,30.0,30.0
172,10.0,5.0,200.0,10.0,5.0,40.0,15.0,80.0,30.0,30.0
173,200.0,5.0,200.0,10.0,5.0,40.0,15.0,80.0,30.0,30.0
174,10.0,20.0,200.0,10.0,5.0,40.0,15.0,80.0,30.0,30.0
175,200.0,20.0,200.0,10.0,5.0,40.0,15.0,80.0,30.0,30.0
176,10.0,5.0,100.0,5.0,50.0,40.0,15.0,80.0,30.0,30.0
177,200.0,5.0,100.0,5.0,50.0,40.0,15.0,80.0,30.0,30.0
178,10.0,20.0,100.0,5.0,50.0,40.0,15.0,80.0,30.0,30.0
179,200.0,20.0,100.0,5.0,50.0,40.0,15.0,80.0,30.0,30.0
180,10.0,5.0,200.0,5.0,50.0,40.0,15.0,80.0,30.0,30.0
181,200.0,5.0,200.0,5.0,50.0,40.0,15.0,80.0,30.0,30.0
182,10.0,20.0,200.0,5.0,50.0,40.0,15.0,80.0,30.0,30.0
183,200.0,20.0,200.0,5.0,50.0,40.0,15.0,80.0,30.0,30.0
184,10.0,5.0,100.0,10.0,50.0,40.0,15.0,80.0,30.0,30.0
185,200.0,5.0,100.0,10.0,50.0,40.0,15.0,80.0,30.0,30.0
186,10.0,20.0,100.0,10.0,50.0,40.0,15.0,80.0,30.0,30.0
187,200.0,20.0,100.0,10.0,50.0,40.0,15.0,80.0,30.0,30.0
188,10.0,5.0,200.0,10.0,50.0,40.0,15.0,80.0,30.0,30.0
189,200.0,5.0,200.0,10.0,50.0,40.0,15.0,80.0,30.0,30.0
190,10.0,20.0,200.0,10.0,50.0,40.0,15.0,80.0,30.0,30.0
191,200.0,20.0,200.0,10.0,50.0,40.0,15.0,80.0,30.0,30.0
192,10.0,5.0,100.0,5.0,5.0,10.0,60.0,80.0,30.0,30.0
193,200.0,5.0,100.0,5.0,5.0,10.0,60.0,80.0,30.0,30.0
194,10.0,20.0,100.0,5.0,5.0,10.0,60.0,80.0,30.0,30.0
195,200.0,20.0,100.0,5.0,5.0,10.0,60.0,80.0,30.0,30.0
196,10.0,5.0,200.0,5.0,5.0,10.0,60.0,80.0,30.0,30.0
197,200.0,5.0,200.0,5.0,5.0,10.0,60.0,80.0,30.0,30.0
198,10.0,20.0,200.0,5.0,5.0,10.0,60.0,80.0,30.0,30.0
199,200.0,20.0,200.0,5.0,5.0,10.0,60.0,80.0,30.0,30.0
200,10.0,5.0,100.0,10.0,5.0,10.0,60.0,80.0,30.0,30.0
201,200.0,5.0,100.0,10.0,5.0,10.0,60.0,80.0,30.0,30.0
202,10.0,20.0,100.0,10.0,5.0,10.0,60.0,80.0,30.0,30.0
203,200.0,20.0,100.0,10.0,5.0,10.0,60.0,80.0,30.0,30.0
204,10.0,5.0,200.0,10.0,5.0,10.0,60.0,80.0,30.0,30.0
205,200.0,5.0,200.0,10.0,5.0,10.0,60.0,80.0,30.0,30.0
206,10.0,20.0,200.0,10.0,5.0,10.0,60.0,80.0,30.0,30.0
207,200.0,20.0,200.0,10.0,5.0,10.0,60.0,80.0,30.0,30.0
208,10.0,5.0,100.0,5.0,50.0,10.0,60.0,80.0,30.0,30.0
209,200.0,5.0,100.0,5.0,50.0,10.0,60.0,80.0,30.0,30.0
210,10.0,20.0,100.0,5.0,50.0,10.0,60.0,80.0,30.0,30.0
211,200.0,20.0,100.0,5.0,50.0,10.0,60.0,80.0,30.0,30.0
212,10.0,5.0,200.0,5.0,50.0,10.0,60.0,80.0,30.0,30.0
213,200.0,5.0,200.0,5.0,50.0,10.0,60.0,80.0,30.0,30.0
214,10.0,20.0,200.0,5.0,50.0,10.0,60.0,80.0,30.0,30.0
215,200.0,20.0,200.0,5.0,50.0,10.0,60.0,80.0,30.0,30.0
216,10.0,5.0,100.0,10.0,50.0,10.0,60.0,80.0,30.0,30.0
217,200.0,5.0,100.0,10.0,50.0,10.0,60.0,80.0,30.0,30.0
218,10.0,20.0,100.0,10.0,50.0,10.0,60.0,80.0,30.0,30.0
219,200.0,20.0,100.0,10.0,50.0,10.0,60.0,80.0,30.0,30.0
220,10.0,5.0,200.0,10.0,50.0,10.0,60.0,80.0,30.0,30.0
221,200.0,5.0,200.0,10.0,50.0,10.0,60.0,80.0,30.0,30.0
222,10.0,20.0,200.0,10.0,50.0,10.0,60.0,80.0,30.0,30.0
223,200.0,20.0,200.0,10.0,50.0,10.0,60.0,80.0,30.0,30.0
224,10.0,5.0,100.0,5.0,5.0,40.0,60.0,80.0,30.0,30.0
225,200.0,5.0,100.0,5.0,5.0,40.0,60.0,80.0,30.0,30.0
226,10.0,20.0,100.0,5.0,5.0,40.0,60.0,80.0,30.0,30.0
227,200.0,20.0,100.0,5.0,5.0,40.0,60.0,80.0,30.0,30.0
228,10.0,5.0,200.0,5.0,5.0,40.0,60.0,80.0,30.0,30.0
229,200.0,5.0,200.0,5.0,5.0,40.0,60.0,80.0,30.0,30.0
230,10.0,20.0,200.0,5.0,5.0,40.0,60.0,80.0,30.0,30.0
231,200.0,20.0,200.0,5.0,5.0,40.0,60.0,80.0,30.0,30.0
232,10.0,5.0,100.0,10.0,5.0,40.0,60.0,80.0,30.0,30.0
233,200.0,5.0,100.0,10.0,5.0,40.0,60.0,80.0,30.0,30.0
234,10.0,20.0,100.0,10.0,5.0,40.0,60.0,80.0,30.0,30.0
235,200.0,20.0,100.0,10.0,5.0,40.0,60.0,80.0,30.0,30.0
236,10.0,5.0,200.0,10.0,5.0,40.0,60.0,80.0,30.0,30.0
237,200.0,5.0,200.0,10.0,5.0,40.0,60.0,80.0,30.0,30.0
238,10.0,20.0,200.0,10.0,5.0,40.0,60.0,80.0,30.0,30.0
239,200.0,20.0,200.0,10.0,5.0,40.0,60.0,80.0,30.0,30.0
240,10.0,5.0,100.0,5.0,50.0,40.0,60.0,80.0,30.0,30.0
241,200.0,5.0,100.0,5.0,50.0,40.0,60.0,80.0,30.0,30.0
242,10.0,20.0,100.0,5.0,50.0,40.0,60.0,80.0,30.0,30.0
243,200.0,20.0,100.0,5.0,50.0,40.0,60.0,80.0,30.0,30.0
244,10.0,5.0,200.0,5.0,50.0,40.0,60.0,80.0,30.0,30.0
245,200.0,5.0,200.0,5.0,50.0,40.0,60.0,80.0,30.0,30.0
246,10.0,20.0,200.0,5.0,50.0,40.0,60.0,80.0,30.0,30.0
247,200.0,20.0,200.0,5.0,50.0,40.0,60.0,80.0,30.0,30.0
248,10.0,5.0,100.0,10.0,50.0,40.0,60.0,80.0,30.0,30.0
249,200.0,5.0,100.0,10.0,50.0,40.0,60.0,80.0,30.0,30.0
250,10.0,20.0,100.0,10.0,50.0,40.0,60.0,80.0,30.0,30.0
251,200.0,20.0,100.0,10.0,50.0,40.0,60.0,80.0,30.0,30.0
252,10.0,5.0,200.0,10.0,50.0,40.0,60.0,80.0,30.0,30.0
253,200.0,5.0,200.0,10.0,50.0,40.0,60.0,80.0,30.0,30.0
254,10.0,20.0,200.0,10.0,50.0,40.0,60.0,80.0,30.0,30.0
255,200.0,20.0,200.0,10.0,50.0,40.0,60.0,80.0,30.0,30.0
256,10.0,5.0,100.0,5.0,5.0,10.0,15.0,20.0,100.0,30.0
257,200.0,5.0,100.0,5.0,5.0,10.0,15.0,20.0,100.0,30.0
258,10.0,20.0,100.0,5.0,5.0,10.0,15.0,20.0,100.0,30.0
259,200.0,20.0,100.0,5.0,5.0,10.0,15.0,20.0,100.0,30.0
260,10.0,5.0,200.0,5.0,5.0,10.0,15.0,20.0,100.0,30.0
261,200.0,5.0,200.0,5.0,5.0,10.0,15.0,20.0,100.0,30.0
262,10.0,20.0,200.0,5.0,5.0,10.0,15.0,20.0,100.0,30.0
263,200.0,20.0,200.0,5.0,5.0,10.0,15.0,20.0,100.0,30.0
264,10.0,5.0,100.0,10.0,5.0,10.0,15.0,20.0,100.0,30.0
265,200.0,5.0,100.0,10.0,5.0,10.0,15.0,20.0,100.0,30.0
266,10.0,20.0,100.0,10.0,5.0,10.0,15.0,20.0,100.0,30.0
267,200.0,20.0,100.0,10.0,5.0,10.0,15.0,20.0,100.0,30.0
268,10.0,5.0,200.0,10.0,5.0,10.0,15.0,20.0,100.0,30.0
269,200.0,5.0,200.0,10.0,5.0,10.0,15.0,20.0,100.0,30.0
270,10.0,20.0,200.0,10.0,5.0,10.0,15.0,20.0,100.0,30.0
271,200.0,20.0,200.0,10.0,5.0,10.0,15.0,20.0,100.0,30.0
272,10.0,5.0,100.0,5.0,50.0,10.0,15.0,20.0,100.0,30.0
273,200.0,5.0,100.0,5.0,50.0,10.0,15.0,20.0,100.0,30.0
274,10.0,20.0,100.0,5.0,50.0,10.0,15.0,20.0,100.0,30.0
275,200.0,20.0,100.0,5.0,50.0,10.0,15.0,20.0,100.0,30.0
276,10.0,5.0,200.0,5.0,50.0,10.0,15.0,20.0,100.0,30.0
277,200.0,5.0,200.0,5.0,50.0,10.0,15.0,20.0,100.0,30.0
278,10.0,20.0,200.0,5.0,50.0,10.0,15.0,20.0,100.0,30.0
279,200.0,20.0,200.0,5.0,50.0,10.0,15.0,20.0,100.0,30.0
280,10.0,5.0,100.0,10.0,50.0,10.0,15.0,20.0,100.0,30.0
281,200.0,5.0,100.0,10.0,50.0,10.0,15.0,20.0,100.0,30.0
282,10.0,20.0,100.0,10.0,50.0,10.0,15.0,20.0,100.0,30.0
283,200.0,20.0,100.0,10.0,50.0,10.0,15.0,20.0,100.0,30.0
284,10.0,5.0,200.0,10.0,50.0,10.0,15.0,20.0,100.0,30.0
285,200.0,5.0,200.0,10.0,50.0,10.0,15.0,20.0,100.0,30.0
286,10.0,20.0,200.0,10.0,50.0,10.0,15.0,20.0,100.0,30.0
287,200.0,20.0,200.0,10.0,50.0,10.0,15.0,20.0,100.0,30.0
288,10.0,5.0,100.0,5.0,5.0,40.0,15.0,20.0,100.0,30.0
289,200.0,5.0,100.0,5.0,5.0,40.0,15.0,20.0,100.0,30.0
290,10.0,20.0,100.0,5.0,5.0,40.0,15.0,20.0,100.0,30.0
291,200.0,20.0,100.0,5.0,5.0,40.0,15.0,20.0,100.0,30.0
292,10.0,5.0,200.0,5.0,5.0,40.0,15.0,20.0,100.0,30.0
293,200.0,5.0,200.0,5.0,5.0,40.0,15.0,20.0,100.0,30.0
294,10.0,20.0,200.0,5.0,5.0,40.0,15.0,20.0,100.0,30.0
295,200.0,20.0,200.0,5.0,5.0,40.0,15.0,20.0,100.0,30.0
296,10.0,5.0,100.0,10.0,5.0,40.0,15.0,20.0,100.0,30.0
297,200.0,5.0,100.0,10.0,5.0,40.0,15.0,20.0,100.0,30.0
298,10.0,20.0,100.0,10.0,5.0,40.0,15.0,20.0,100.0,30.0
299,200.0,20.0,100.0,10.0,5.0,40.0,15.0,20.0,100.0,30.0
300,10.0,5.0,200.0,10.0,5.0,40.0,15.0,20.0,100.0,30.0
301,200.0,5.0,200.0,10.0,5.0,40.0,15.0,20.0,100.0,30.0
302,10.0,20.0,200.0,10.0,5.0,40.0,15.0,20.0,100.0,30.0
303,200.0,20.0,200.0,10.0,5.0,40.0,15.0,20.0,100.0,30.0
304,10.0,5.0,100.0,5.0,50.0,40.0,15.0,20.0,100.0,30.0
305,200.0,5.0,100.0,5.0,50.0,40.0,15.0,20.0,100.0,30.0
306,10.0,20.0,100.0,5.0,50.0,40.0,15.0,20.0,100.0,30.0
307,200.0,20.0,100.0,5.0,50.0,40.0,15.0,20.0,100.0,30.0
308,10.0,5.0,200.0,5.0,50.0,40.0,15.0,20.0,100.0,30.0
309,200.0,5.0,200.0,5.0,50.0,40.0,15.0,20.0,100.0,30.0
310,10.0,20.0,200.0,5.0,50.0,40.0,15.0,20.0,100.0,30.0
311,200.0,20.0,200.0,5.0,50.0,40.0,15.0,20.0,100.0,30.0
312,10.0,5.0,100.0,10.0,50.0,40.0,15.0,20.0,100.0,30.0
313,200.0,5.0,100.0,10.0,50.0,40.0,15.0,20.0,100.0,30.0
314,10.0,20.0,100.0,10.0,50.0,40.0,15.0,20.0,100.0,30.0
315,200.0,20.0,100.0,10.0,50.0,40.0,15.0,20.0,100.0,30.0
316,10.0,5.0,200.0,10.0,50.0,40.0,15.0,20.0,100.0,30.0
317,200.0,5.0,200.0,10.0,50.0,40.0,15.0,20.0,100.0,30.0
318,10.0,20.0,200.0,10.0,50.0,40.0,15.0,20.0,100.0,30.0
319,200.0,20.0,200.0,10.0,50.0,40.0,15.0,20.0,100.0,30.0
320,10.0,5.0,100.0,5.0,5.0,10.0,60.0,20.0,100.0,30.0
321,200.0,5.0,100.0,5.0,5.0,10.0,60.0,20.0,100.0,30.0
322,10.0,20.0,100.0,5.0,5.0,10.0,60.0,20.0,100.0,30.0
323,200.0,20.0,100.0,5.0,5.0,10.0,60.0,20.0,100.0,30.0
324,10.0,5.0,200.0,5.0,5.0,10.0,60.0,20.0,100.0,30.0
325,200.0,5.0,200.0,5.0,5.0,10.0,60.0,20.0,100.0,30.0
326,10.0,20.0,200.0,5.0,5.0,10.0,60.0,20.0,100.0,30.0
327,200.0,20.0,200.0,5.0,5.0,10.0,60.0,20.0,100.0,30.0
328,10.0,5.0,100.0,10.0,5.0,10.0,60.0,20.0,100.0,30.0
329,200.0,5.0,100.0,10.0,5.0,10.0,60.0,20.0,100.0,30.0
330,10.0,20.0,100.0,10.0,5.0,10.0,60.0,20.0,100.0,30.0
331,200.0,20.0,100.0,10.0,5.0,10.0,60.0,20.0,100.0,30.0
332,10.0,5.0,200.0,10.0,5.0,10.0,60.0,20.0,100.0,30.0
333,200.0,5.0,200.0,10.0,5.0,10.0,60.0,20.0,100.0,30.0
334,10.0,20.0,200.0,10.0,5.0,10.0,60.0,20.0,100.0,30.0
335,200.0,20.0,200.0,10.0,5.0,10.0,60.0,20.0,100.0,30.0
336,10.0,5.0,100.0,5.0,50.0,10.0,60.0,20.0,100.0,30.0
337,200.0,5.0,100.0,5.0,50.0,10.0,60.0,20.0,100.0,30.0
338,10.0,20.0,100.0,5.0,50.0,10.0,60.0,20.0,100.0,30.0
339,200.0,20.0,100.0,5.0,50.0,10.0,60.0,20.0,100.0,30.0
340,10.0,5.0,200.0,5.0,50.0,10.0,60.0,20.0,100.0,30.0
341,200.0,5.0,200.0,5.0,50.0,10.0,60.0,20.0,100.0,30.0
342,10.0,20.0,200.0,5.0,50.0,10.0,60.0,20.0,100.0,30.0
343,200.0,20.0,200.0,5.0,50.0,10.0,60.0,20.0,100.0,30.0
344,10.0,5.0,100.0,10.0,50.0,10.0,60.0,20.0,100.0,30.0
345,200.0,5.0,100.0,10.0,50.0,10.0,60.0,20.0,100.0,30.0
346,10.0,20.0,100.0,10.0,50.0,10.0,60.0,20.0,100.0,30.0
347,200.0,20.0,100.0,10.0,50.0,10.0,60.0,20.0,100.0,30.0
348,10.0,5.0,200.0,10.0,50.0,10.0,60.0,20.0,100.0,30.0
349,200.0,5.0,200.0,10.0,50.0,10.0,60.0,20.0,100.0,30.0
350,10.0,20.0,200.0,10.0,50.0,10.0,60.0,20.0,100.0,30.0
351,200.0,20.0,200.0,10.0,50.0,10.0,60.0,20.0,100.0,30.0
352,10.0,5.0,100.0,5.0,5.0,40.0,60.0,20.0,100.0,30.0
353,200.0,5.0,100.0,5.0,5.0,40.0,60.0,20.0,100.0,30.0
354,10.0,20.0,100.0,5.0,5.0,40.0,60.0,20.0,100.0,30.0
355,200.0,20.0,100.0,5.0,5.0,40.0,60.0,20.0,100.0,30.0
356,10.0,5.0,200.0,5.0,5.0,40.0,60.0,20.0,100.0,30.0
357,200.0,5.0,200.0,5.0,5.0,40.0,60.0,20.0,100.0,30.0
358,10.0,20.0,200.0,5.0,5.0,40.0,60.0,20.0,100.0,30.0
359,200.0,20.0,200.0,5.0,5.0,40.0,60.0,20.0,100.0,30.0
360,10.0,5.0,100.0,10.0,5.0,40.0,60.0,20.0,100.0,30.0
361,200.0,5.0,100.0,10.0,5.0,40.0,60.0,20.0,100.0,30.0
362,10.0,20.0,100.0,10.0,5.0,40.0,60.0,20.0,100.0,30.0
363,200.0,20.0,100.0,10.0,5.0,40.0,60.0,20.0,100.0,30.0
364,10.0,5.0,200.0,10.0,5.0,40.0,60.0,20.0,100.0,30.0
365,200.0,5.0,200.0,10.0,5.0,40.0,60.0,20.0,100.0,30.0
366,10.0,20.0,200.0,10.0,5.0,40.0,60.0,20.0,100.0,30.0
367,200.0,20.0,200.0,10.0,5.0,40.0,60.0,20.0,100.0,30.0
368,10.0,5.0,100.0,5.0,50.0,40.0,60.0,20.0,100.0,30.0
369,200.0,5.0,100.0,5.0,50.0,40.0,60.0,20.0,100.0,30.0
370,10.0,20.0,100.0,5.0,50.0,40.0,60.0,20.0,100.0,30.0
371,200.0,20.0,100.0,5.0,50.0,40.0,60.0,20.0,100.0,30.0
372,10.0,5.0,200.0,5.0,50.0,40.0,60.0,20.0,100.0,30.0
373,200.0,5.0,200.0,5.0,50.0,40.0,60.0,20.0,100.0,30.0
374,10.0,20.0,200.0,5.0,50.0,40.0,60.0,20.0,100.0,30.0
375,200.0,20.0,200.0,5.0,50.0,40.0,60.0,20.0,100.0,30.0
376,10.0,5.0,100.0,10.0,50.0,40.0,60.0,20.0,100.0,30.0
377,200.0,5.0,100.0,10.0,50.0,40.0,60.0,20.0,100.0,30.0
378,10.0,20.0,100.0,10.0,50.0,40.0,60.0,20.0,100.0,30.0
379,200.0,20.0,100.0,10.0,50.0,40.0,60.0,20.0,100.0,30.0
380,10.0,5.0,200.0,10.0,50.0,40.0,60.0,20.0,100.0,30.0
381,200.0,5.0,200.0,10.0,50.0,40.0,60.0,20.0,100.0,30.0
382,10.0,20.0,200.0,10.0,50.0,40.0,60.0,20.0,100.0,30.0
383,200.0,20.0,200.0,10.0,50.0,40.0,60.0,20.0,100.0,30.0
384,10.0,5.0,100.0,5.0,5.0,10.0,15.0,80.0,100.0,30.0
385,200.0,5.0,100.0,5.0,5.0,10.0,15.0,80.0,100.0,30.0
386,10.0,20.0,100.0,5.0,5.0,10.0,15.0,80.0,100.0,30.0
387,200.0,20.0,100.0,5.0,5.0,10.0,15.0,80.0,100.0,30.0
388,10.0,5.0,200.0,5.0,5.0,10.0,15.0,80.0,100.0,30.0
389,200.0,5.0,200.0,5.0,5.0,10.0,15.0,80.0,100.0,30.0
390,10.0,20.0,200.0,5.0,5.0,10.0,15.0,80.0,100.0,30.0
391,200.0,20.0,200.0,5.0,5.0,10.0,15.0,80.0,100.0,30.0
392,10.0,5.0,100.0,10.0,5.0,10.0,15.0,80.0,100.0,30.0
393,200.0,5.0,100.0,10.0,5.0,10.0,15.0,80.0,100.0,30.0
394,10.0,20.0,100.0,10.0,5.0,10.0,15.0,80.0,100.0,30.0
395,200.0,20.0,100.0,10.0,5.0,10.0,15.0,80.0,100.0,30.0
396,10.0,5.0,200.0,10.0,5.0,10.0,15.0,80.0,100.0,30.0
397,200.0,5.0,200.0,10.0,5.0,10.0,15.0,80.0,100.0,30.0
398,10.0,20.0,200.0,10.0,5.0,10.0,15.0,80.0,100.0,30.0
399,200.0,20.0,200.0,10.0,5.0,10.0,15.0,80.0,100.0,30.0
400,10.0,5.0,100.0,5.0,50.0,10.0,15.0,80.0,100.0,30.0
401,200.0,5.0,100.0,5.0,50.0,10.0,15.0,80.0,100.0,30.0
402,10.0,20.0,100.0,5.0,50.0,10.0,15.0,80.0,100.0,30.0
403,200.0,20.0,100.0,5.0,50.0,10.0,15.0,80.0,100.0,30.0
404,10.0,5.0,200.0,5.0,50.0,10.0,15.0,80.0,100.0,30.0
405,200.0,5.0,200.0,5.0,50.0,10.0,15.0,80.0,100.0,30.0
406,10.0,20.0,200.0,5.0,50.0,10.0,15.0,80.0,100.0,30.0
407,200.0,20.0,200.0,5.0,50.0,10.0,15.0,80.0,100.0,30.0
408,10.0,5.0,100.0,10.0,50.0,10.0,15.0,80.0,100.0,30.0
409,200.0,5.0,100.0,10.0,50.0,10.0,15.0,80.0,100.0,30.0
410,10.0,20.0,100.0,10.0,50.0,10.0,15.0,80.0,100.0,30.0
411,200.0,20.0,100.0,10.0,50.0,10.0,15.0,80.0,100.0,30.0
412,10.0,5.0,200.0,10.0,50.0,10.0,15.0,80.0,100.0,30.0
413,200.0,5.0,200.0,10.0,50.0,10.0,15.0,80.0,100.0,30.0
414,10.0,20.0,200.0,10.0,50.0,10.0,15.0,80.0,100.0,30.0
415,200.0,20.0,200.0,10.0,50.0,10.0,15.0,80.0,100.0,30.0
416,10.0,5.0,100.0,5.0,5.0,40.0,15.0,80.0,100.0,30.0
417,200.0,5.0,100.0,5.0,5.0,40.0,15.0,80.0,100.0,30.0
418,10.0,20.0,100.0,5.0,5.0,40.0,15.0,80.0,100.0,30.0
419,200.0,20.0,100.0,5.0,5.0,40.0,15.0,80.0,100.0,30.0
420,10.0,5.0,200.0,5.0,5.0,40.0,15.0,80.0,100.0,30.0
421,200.0,5.0,200.0,5.0,5.0,40.0,15.0,80.0,100.0,30.0
422,10.0,20.0,200.0,5.0,5.0,40.0,15.0,80.0,100.0,30.0
423,200.0,20.0,200.0,5.0,5.0,40.0,15.0,80.0,100.0,30.0
424,10.0,5.0,100.0,10.0,5.0,40.0,15.0,80.0,100.0,30.0
425,200.0,5.0,100.0,10.0,5.0,40.0,15.0,80.0,100.0,30.0
426,10.0,20.0,100.0,10.0,5.0,40.0,15.0,80.0,100.0,30.0
427,200.0,20.0,100.0,10.0,5.0,40.0,15.0,80.0,100.0,30.0
428,10.0,5.0,200.0,10.0,5.0,40.0,15.0,80.0,100.0,30.0
429,200.0,5.0,200.0,10.0,5.0,40.0,15.0,80.0,100.0,30.0
430,10.0,20.0,200.0,10.0,5.0,40.0,15.0,80.0,100.0,30.0
431,200.0,20.0,200.0,10.0,5.0,40.0,15.0,80.0,100.0,30.0
432,10.0,5.0,100.0,5.0,50.0,40.0,15.0,80.0,100.0,30.0
433,200.0,5.0,100.0,5.0,50.0,40.0,15.0,80.0,100.0,30.0
434,10.0,20.0,100.0,5.0,50.0,40.0,15.0,80.0,100.0,30.0
435,200.0,20.0,100.0,5.0,50.0,40.0,15.0,80.0,100.0,30.0
436,10.0,5.0,200.0,5.0,50.0,40.0,15.0,80.0,100.0,30.0
437,200.0,5.0,200.0,5.0,50.0,40.0,15.0,80.0,100.0,30.0
438,10.0,20.0,200.0,5.0,50.0,40.0,15.0,80.0,100.0,30.0
439,200.0,20.0,200.0,5.0,50.0,40.0,15.0,80.0,100.0,30.0
440,10.0,5.0,100.0,10.0,50.0,40.0,15.0,80.0,100.0,30.0
441,200.0,5.0,100.0,10.0,50.0,40.0,15.0,80.0,100.0,30.0
442,10.0,20.0,100.0,10.0,50.0,40.0,15.0,80.0,100.0,30.0
443,200.0,20.0,100.0,10.0,50.0,40.0,15.0,80.0,100.0,30.0
444,10.0,5.0,200.0,10.0,50.0,40.0,15.0,80.0,100.0,30.0
445,200.0,5.0,200.0,10.0,50.0,40.0,15.0,80.0,100.0,30.0
446,10.0,20.0,200.0,10.0,50.0,40.0,15.0,80.0,100.0,30.0
447,200.0,20.0,200.0,10.0,50.0,40.0,15.0,80.0,100.0,30.0
448,10.0,5.0,100.0,5.0,5.0,10.0,60.0,80.0,100.0,30.0
449,200.0,5.0,100.0,5.0,5.0,10.0,60.0,80.0,100.0,30.0
450,10.0,20.0,100.0,5.0,5.0,10.0,60.0,80.0,100.0,30.0
451,200.0,20.0,100.0,5.0,5.0,10.0,60.0,80.0,100.0,30.0
452,10.0,5.0,200.0,5.0,5.0,10.0,60.0,80.0,100.0,30.0
453,200.0,5.0,200.0,5.0,5.0,10.0,60.0,80.0,100.0,30.0
454,10.0,20.0,200.0,5.0,5.0,10.0,60.0,80.0,100.0,30.0
455,200.0,20.0,200.0,5.0,5.0,10.0,60.0,80.0,100.0,30.0
456,10.0,5.0,100.0,10.0,5.0,10.0,60.0,80.0,100.0,30.0
457,200.0,5.0,100.0,10.0,5.0,10.0,60.0,80.0,100.0,30.0
458,10.0,20.0,100.0,10.0,5.0,10.0,60.0,80.0,100.0,30.0
459,200.0,20.0,100.0,10.0,5.0,10.0,60.0,80.0,100.0,30.0
460,10.0,5.0,200.0,10.0,5.0,10.0,60.0,80.0,100.0,30.0
461,200.0,5.0,200.0,10.0,5.0,10.0,60.0,80.0,100.0,30.0
462,10.0,20.0,200.0,10.0,5.0,10.0,60.0,80.0,100.0,30.0
463,200.0,20.0,200.0,10.0,5.0,10.0,60.0,80.0,100.0,30.0
464,10.0,5.0,100.0,5.0,50.0,10.0,60.0,80.0,100.0,30.0
465,200.0,5.0,100.0,5.0,50.0,10.0,60.0,80.0,100.0,30.0
466,10.0,20.0,100.0,5.0,50.0,10.0,60.0,80.0,100.0,30.0
467,200.0,20.0,100.0,5.0,50.0,10.0,60.0,80.0,100.0,30.0
468,10.0,5.0,200.0,5.0,50.0,10.0,60.0,80.0,100.0,30.0
469,200.0,5.0,200.0,5.0,50.0,10.0,60.0,80.0,100.0,30.0
470,10.0,20.0,200.0,5.0,50.0,10.0,60.0,80.0,100.0,30.0
471,200.0,20.0,200.0,5.0,50.0,10.0,60.0,80.0,100.0,30.0
472,10.0,5.0,100.0,10.0,50.0,10.0,60.0,80.0,100.0,30.0
473,200.0,5.0,100.0,10.0,50.0,10.0,60.0,80.0,100.0,30.0
474,10.0,20.0,100.0,10.0,50.0,10.0,60.0,80.0,100.0,30.0
475,200.0,20.0,100.0,10.0,50.0,10.0,60.0,80.0,100.0,30.0
476,10.0,5.0,200.0,10.0,50.0,10.0,60.0,80.0,100.0,30.0
477,200.0,5.0,200.0,10.0,50.0,10.0,60.0,80.0,100.0,30.0
478,10.0,20.0,200.0,10.0,50.0,10.0,60.0,80.0,100.0,30.0
479,200.0,20.0,200.0,10.0,50.0,10.0,60.0,80.0,100.0,30.0
480,10.0,5.0,100.0,5.0,5.0,40.0,60.0,80.0,100.0,30.0
481,200.0,5.0,100.0,5.0,5.0,40.0,60.0,80.0,100.0,30.0
482,10.0,20.0,100.0,5.0,5.0,40.0,60.0,80.0,100.0,30.0
483,200.0,20.0,100.0,5.0,5.0,40.0,60.0,80.0,100.0,30.0
484,10.0,5.0,200.0,5.0,5.0,40.0,60.0,80.0,100.0,30.0
485,200.0,5.0,200.0,5.0,5.0,40.0,60.0,80.0,100.0,30.0
486,10.0,20.0,200.0,5.0,5.0,40.0,60.0,80.0,100.0,30.0
487,200.0,20.0,200.0,5.0,5.0,40.0,60.0,80.0,100.0,30.0
488,10.0,5.0,100.0,10.0,5.0,40.0,60.0,80.0,100.0,30.0
489,200.0,5.0,100.0,10.0,5.0,40.0,60.0,80.0,100.0,30.0
490,10.0,20.0,100.0,10.0,5.0,40.0,60.0,80.0,100.0,30.0
491,200.0,20.0,100.0,10.0,5.0,40.0,60.0,80.0,100.0,30.0
492,10.0,5.0,200.0,10.0,5.0,40.0,60.0,80.0,100.0,30.0
493,200.0,5.0,200.0,10.0,5.0,40.0,60.0,80.0,100.0,30.0
494,10.0,20.0,200.0,10.0,5.0,40.0,60.0,80.0,100.0,30.0
495,200.0,20.0,200.0,10.0,5.0,40.0,60.0,80.0,100.0,30.0
496,10.0,5.0,100.0,5.0,50.0,40.0,60.0,80.0,100.0,30.0
497,200.0,5.0,100.0,5.0,50.0,40.0,60.0,80.0,100.0,30.0
498,10.0,20.0,100.0,5.0,50.0,40.0,60.0,80.0,100.0,30.0
499,200.0,20.0,100.0,5.0,50.0,40.0,60.0,80.0,100.0,30.0
500,10.0,5.0,200.0,5.0,50.0,40.0,60.0,80.0,100.0,30.0
501,200.0,5.0,200.0,5.0,50.0,40.0,60.0,80.0,100.0,30.0
502,10.0,20.0,200.0,5.0,50.0,40.0,60.0,80.0,100.0,30.0
503,200.0,20.0,200.0,5.0,50.0,40.0,60.0,80.0,100.0,30.0
504,10.0,5.0,100.0,10.0,50.0,40.0,60.0,80.0,100.0,30.0
505,200.0,5.0,100.0,10.0,50.0,40.0,60.0,80.0,100.0,30.0
506,10.0,20.0,100.0,10.0,50.0,40.0,60.0,80.0,100.0,30.0
507,200.0,20.0,100.0,10.0,50.0,40.0,60.0,80.0,100.0,30.0
508,10.0,5.0,200.0,10.0,50.0,40.0,60.0,80.0,100.0,30.0
509,200.0,5.0,200.0,10.0,50.0,40.0,60.0,80.0,100.0,30.0
510,10.0,20.0,200.0,10.0,50.0,40.0,60.0,80.0,100.0,30.0
511,200.0,20.0,200.0,10.0,50.0,40.0,60.0,80.0,100.0,30.0
512,10.0,5.0,100.0,5.0,5.0,10.0,15.0,20.0,30.0,100.0
513,200.0,5.0,100.0,5.0,5.0,10.0,15.0,20.0,30.0,100.0
514,10.0,20.0,100.0,5.0,5.0,10.0,15.0,20.0,30.0,100.0
515,200.0,20.0,100.0,5.0,5.0,10.0,15.0,20.0,30.0,100.0
516,10.0,5.0,200.0,5.0,5.0,10.0,15.0,20.0,30.0,100.0
517,200.0,5.0,200.0,5.0,5.0,10.0,15.0,20.0,30.0,100.0
518,10.0,20.0,200.0,5.0,5.0,10.0,15.0,20.0,30.0,100.0
519,200.0,20.0,200.0,5.0,5.0,10.0,15.0,20.0,30.0,100.0
520,10.0,5.0,100.0,10.0,5.0,10.0,15.0,20.0,30.0,100.0
521,200.0,5.0,100.0,10.0,5.0,10.0,15.0,20.0,30.0,100.0
522,10.0,20.0,100.0,10.0,5.0,10.0,15.0,20.0,30.0,100.0
523,200.0,20.0,100.0,10.0,5.0,10.0,15.0,20.0,30.0,100.0
524,10.0,5.0,200.0,10.0,5.0,10.0,15.0,20.0,30.0,100.0
525,200.0,5.0,200.0,10.0,5.0,10.0,15.0,20.0,30.0,100.0
526,10.0,20.0,200.0,10.0,5.0,10.0,15.0,20.0,30.0,100.0
527,200.0,20.0,200.0,10.0,5.0,10.0,15.0,20.0,30.0,100.0
528,10.0,5.0,100.0,5.0,50.0,10.0,15.0,20.0,30.0,100.0
529,200.0,5.0,100.0,5.0,50.0,10.0,15.0,20.0,30.0,100.0
530,10.0,20.0,100.0,5.0,50.0,10.0,15.0,20.0,30.0,100.0
531,200.0,20.0,100.0,5.0,50.0,10.0,15.0,20.0,30.0,100.0
532,10.0,5.0,200.0,5.0,50.0,10.0,15.0,20.0,30.0,100.0
533,200.0,5.0,200.0,5.0,50.0,10.0,15.0,20.0,30.0,100.0
534,10.0,20.0,200.0,5.0,50.0,10.0,15.0,20.0,30.0,100.0
535,200.0,20.0,200.0,5.0,50.0,10.0,15.0,20.0,30.0,100.0
536,10.0,5.0,100.0,10.0,50.0,10.0,15.0,20.0,30.0,100.0
537,200.0,5.0,100.0,10.0,50.0,10.0,15.0,20.0,30.0,100.0
538,10.0,20.0,100.0,10.0,50.0,10.0,15.0,20.0,30.0,100.0
539,200.0,20.0,100.0,10.0,50.0,10.0,15.0,20.0,30.0,100.0
540,10.0,5.0,200.0,10.0,50.0,10.0,15.0,20.0,30.0,100.0
541,200.0,5.0,200.0,10.0,50.0,10.0,15.0,20.0,30.0,100.0
542,10.0,20.0,200.0,10.0,50.0,10.0,15.0,20.0,30.0,100.0
543,200.0,20.0,200.0,10.0,50.0,10.0,15.0,20.0,30.0,100.0
544,10.0,5.0,100.0,5.0,5.0,40.0,15.0,20.0,30.0,100.0
545,200.0,5.0,100.0,5.0,5.0,40.0,15.0,20.0,30.0,100.0
546,10.0,20.0,100.0,5.0,5.0,40.0,15.0,20.0,30.0,100.0
547,200.0,20.0,100.0,5.0,5.0,40.0,15.0,20.0,30.0,100.0
548,10.0,5.0,200.0,5.0,5.0,40.0,15.0,20.0,30.0,100.0
549,200.0,5.0,200.0,5.0,5.0,40.0,15.0,20.0,30.0,100.0
550,10.0,20.0,200.0,5.0,5.0,40.0,15.0,20.0,30.0,100.0
551,200.0,20.0,200.0,5.0,5.0,40.0,15.0,20.0,30.0,100.0
552,10.0,5.0,100.0,10.0,5.0,40.0,15.0,20.0,30.0,100.0
553,200.0,5.0,100.0,10.0,5.0,40.0,15.0,20.0,30.0,100.0
554,10.0,20.0,100.0,10.0,5.0,40.0,15.0,20.0,30.0,100.0
555,200.0,20.0,100.0,10.0,5.0,40.0,15.0,20.0,30.0,100.0
556,10.0,5.0,200.0,10.0,5.0,40.0,15.0,20.0,30.0,100.0
557,200.0,5.0,200.0,10.0,5.0,40.0,15.0,20.0,30.0,100.0
558,10.0,20.0,200.0,10.0,5.0,40.0,15.0,20.0,30.0,100.0
559,200.0,20.0,200.0,10.0,5.0,40.0,15.0,20.0,30.0,100.0
560,10.0,5.0,100.0,5.0,50.0,40.0,15.0,20.0,30.0,100.0
561,200.0,5.0,100.0,5.0,50.0,40.0,15.0,20.0,30.0,100.0
562,10.0,20.0,100.0,5.0,50.0,40.0,15.0,20.0,30.0,100.0
563,200.0,20.0,100.0,5.0,50.0,40.0,15.0,20.0,30.0,100.0
564,10.0,5.0,200.0,5.0,50.0,40.0,15.0,20.0,30.0,100.0
565,200.0,5.0,200.0,5.0,50.0,40.0,15.0,20.0,30.0,100.0
566,10.0,20.0,200.0,5.0,50.0,40.0,15.0,20.0,30.0,100.0
567,200.0,20.0,200.0,5.0,50.0,40.0,15.0,20.0,30.0,100.0
568,10.0,5.0,100.0,10.0,50.0,40.0,15.0,20.0,30.0,100.0
569,200.0,5.0,100.0,10.0,50.0,40.0,15.0,20.0,30.0,100.0
570,10.0,20.0,100.0,10.0,50.0,40.0,15.0,20.0,30.0,100.0
571,200.0,20.0,100.0,10.0,50.0,40.0,15.0,20.0,30.0,100.0
572,10.0,5.0,200.0,10.0,50.0,40.0,15.0,20.0,30.0,100.0
573,200.0,5.0,200.0,10.0,50.0,40.0,15.0,20.0,30.0,100.0
574,10.0,20.0,200.0,10.0,50.0,40.0,15.0,20.0,30.0,100.0
575,200.0,20.0,200.0,10.0,50.0,40.0,15.0,20.0,30.0,100.0
576,10.0,5.0,100.0,5.0,5.0,10.0,60.0,20.0,30.0,100.0
577,200.0,5.0,100.0,5.0,5.0,10.0,60.0,20.0,30.0,100.0
578,10.0,20.0,100.0,5.0,5.0,10.0,60.0,20.0,30.0,100.0
579,200.0,20.0,100.0,5.0,5.0,10.0,60.0,20.0,30.0,100.0
580,10.0,5.0,200.0,5.0,5.0,10.0,60.0,20.0,30.0,100.0
581,200.0,5.0,200.0,5.0,5.0,10.0,60.0,20.0,30.0,100.0
582,10.0,20.0,200.0,5.0,5.0,10.0,60.0,20.0,30.0,100.0
583,200.0,20.0,200.0,5.0,5.0,10.0,60.0,20.0,30.0,100.0
584,10.0,5.0,100.0,10.0,5.0,10.0,60.0,20.0,30.0,100.0
585,200.0,5.0,100.0,10.0,5.0,10.0,60.0,20.0,30.0,100.0
586,10.0,20.0,100.0,10.0,5.0,10.0,60.0,20.0,30.0,100.0
587,200.0,20.0,100.0,10.0,5.0,10.0,60.0,20.0,30.0,100.0
588,10.0,5.0,200.0,10.0,5.0,10.0,60.0,20.0,30.0,100.0
589,200.0,5.0,200.0,10.0,5.0,10.0,60.0,20.0,30.0,100.0
590,10.0,20.0,200.0,10.0,5.0,10.0,60.0,20.0,30.0,100.0
591,200.0,20.0,200.0,10.0,5.0,10.0,60.0,20.0,30.0,100.0
592,10.0,5.0,100.0,5.0,50.0,10.0,60.0,20.0,30.0,100.0
593,200.0,5.0,100.0,5.0,50.0,10.0,60.0,20.0,30.0,100.0
594,10.0,20.0,100.0,5.0,50.0,10.0,60.0,20.0,30.0,100.0
595,200.0,20.0,100.0,5.0,50.0,10.0,60.0,20.0,30.0,100.0
596,10.0,5.0,200.0,5.0,50.0,10.0,60.0,20.0,30.0,100.0
597,200.0,5.0,200.0,5.0,50.0,10.0,60.0,20.0,30.0,100.0
598,10.0,20.0,200.0,5.0,50.0,10.0,60.0,20.0,30.0,100.0
599,200.0,20.0,200.0,5.0,50.0,10.0,60.0,20.0,30.0,100.0
600,10.0,5.0,100.0,10.0,50.0,10.0,60.0,20.0,30.0,100.0
601,200.0,5.0,100.0,10.0,50.0,10.0,60.0,20.0,30.0,100.0
602,10.0,20.0,100.0,10.0,50.0,10.0,60.0,20.0,30.0,100.0
603,200.0,20.0,100.0,10.0,50.0,10.0,60.0,20.0,30.0,100.0
604,10.0,5.0,200.0,10.0,50.0,10.0,60.0,20.0,30.0,100.0
605,200.0,5.0,200.0,10.0,50.0,10.0,60.0,20.0,30.0,100.0
606,10.0,20.0,200.0,10.0,50.0,10.0,60.0,20.0,30.0,100.0
607,200.0,20.0,200.0,10.0,50.0,10.0,60.0,20.0,30.0,100.0
608,10.0,5.0,100.0,5.0,5.0,40.0,60.0,20.0,30.0,100.0
609,200.0,5.0,100.0,5.0,5.0,40.0,60.0,20.0,30.0,100.0
610,10.0,20.0,100.0,5.0,5.0,40.0,60.0,20.0,30.0,100.0
611,200.0,20.0,100.0,5.0,5.0,40.0,60.0,20.0,30.0,100.0
612,10.0,5.0,200.0,5.0,5.0,40.0,60.0,20.0,30.0,100.0
613,200.0,5.0,200.0,5.0,5.0,40.0,60.0,20.0,30.0,100.0
614,10.0,20.0,200.0,5.0,5.0,40.0,60.0,20.0,30.0,100.0
615,200.0,20.0,200.0,5.0,5.0,40.0,60.0,20.0,30.0,100.0
616,10.0,5.0,100.0,10.0,5.0,40.0,60.0,20.0,30.0,100.0
617,200.0,5.0,100.0,10.0,5.0,40.0,60.0,20.0,30.0,100.0
618,10.0,20.0,100.0,10.0,5.0,40.0,60.0,20.0,30.0,100.0
619,200.0,20.0,100.0,10.0,5.0,40.0,60.0,20.0,30.0,100.0
620,10.0,5.0,200.0,10.0,5.0,40.0,60.0,20.0,30.0,100.0
621,200.0,5.0,200.0,10.0,5.0,40.0,60.0,20.0,30.0,100.0
622,10.0,20.0,200.0,10.0,5.0,40.0,60.0,20.0,30.0,100.0
623,200.0,20.0,200.0,10.0,5.0,40.0,60.0,20.0,30.0,100.0
624,10.0,5.0,100.0,5.0,50.0,40.0,60.0,20.0,30.0,100.0
625,200.0,5.0,100.0,5.0,50.0,40.0,60.0,20.0,30.0,100.0
626,10.0,20.0,100.0,5.0,50.0,40.0,60.0,20.0,30.0,100.0
627,200.0,20.0,100.0,5.0,50.0,40.0,60.0,20.0,30.0,100.0
628,10.0,5.0,200.0,5.0,50.0,40.0,60.0,20.0,30.0,100.0
629,200.0,5.0,200.0,5.0,50.0,40.0,60.0,20.0,30.0,100.0
630,10.0,20.0,200.0,5.0,50.0,40.0,60.0,20.0,30.0,100.0
631,200.0,20.0,200.0,5.0,50.0,40.0,60.0,20.0,30.0,100.0
632,10.0,5.0,100.0,10.0,50.0,40.0,60.0,20.0,30.0,100.0
633,200.0,5.0,100.0,10.0,50.0,40.0,60.0,20.0,30.0,100.0
634,10.0,20.0,100.0,10.0,50.0,40.0,60.0,20.0,30.0,100.0
635,200.0,20.0,100.0,10.0,50.0,40.0,60.0,20.0,30.0,100.0
636,10.0,5.0,200.0,10.0,50.0,40.0,60.0,20.0,30.0,100.0
637,200.0,5.0,200.0,10.0,50.0,40.0,60.0,20.0,30.0,100.0
638,10.0,20.0,200.0,10.0,50.0,40.0,60.0,20.0,30.0,100.0
639,200.0,20.0,200.0,10.0,50.0,40.0,60.0,20.0,30.0,100.0
640,10.0,5.0,100.0,5.0,5.0,10.0,15.0,80.0,30.0,100.0
641,200.0,5.0,100.0,5.0,5.0,10.0,15.0,80.0,30.0,100.0
642,10.0,20.0,100.0,5.0,5.0,10.0,15.0,80.0,30.0,100.0
643,200.0,20.0,100.0,5.0,5.0,10.0,15.0,80.0,30.0,100.0
644,10.0,5.0,200.0,5.0,5.0,10.0,15.0,80.0,30.0,100.0
645,200.0,5.0,200.0,5.0,5.0,10.0,15.0,80.0,30.0,100.0
646,10.0,20.0,200.0,5.0,5.0,10.0,15.0,80.0,30.0,100.0
647,200.0,20.0,200.0,5.0,5.0,10.0,15.0,80.0,30.0,100.0
648,10.0,5.0,100.0,10.0,5.0,10.0,15.0,80.0,30.0,100.0
649,200.0,5.0,100.0,10.0,5.0,10.0,15.0,80.0,30.0,100.0
650,10.0,20.0,100.0,10.0,5.0,10.0,15.0,80.0,30.0,100.0
651,200.0,20.0,100.0,10.0,5.0,10.0,15.0,80.0,30.0,100.0
652,10.0,5.0,200.0,10.0,5.0,10.0,15.0,80.0,30.0,100.0
653,200.0,5.0,200.0,10.0,5.0,10.0,15.0,80.0,30.0,100.0
654,10.0,20.0,200.0,10.0,5.0,10.0,15.0,80.0,30.0,100.0
655,200.0,20.0,200.0,10.0,5.0,10.0,15.0,80.0,30.0,100.0
656,10.0,5.0,100.0,5.0,50.0,10.0,15.0,80.0,30.0,100.0
657,200.0,5.0,100.0,5.0,50.0,10.0,15.0,80.0,30.0,100.0
658,10.0,20.0,100.0,5.0,50.0,10.0,15.0,80.0,30.0,100.0
659,200.0,20.0,100.0,5.0,50.0,10.0,15.0,80.0,30.0,100.0
660,10.0,5.0,200.0,5.0,50.0,10.0,15.0,80.0,30.0,100.0
661,200.0,5.0,200.0,5.0,50.0,10.0,15.0,80.0,30.0,100.0
662,10.0,20.0,200.0,5.0,50.0,10.0,15.0,80.0,30.0,100.0
663,200.0,20.0,200.0,5.0,50.0,10.0,15.0,80.0,30.0,100.0
664,10.0,5.0,100.0,10.0,50.0,10.0,15.0,80.0,30.0,100.0
665,200.0,5.0,100.0,10.0,50.0,10.0,15.0,80.0,30.0,100.0
666,10.0,20.0,100.0,10.0,50.0,10.0,15.0,80.0,30.0,100.0
667,200.0,20.0,100.0,10.0,50.0,10.0,15.0,80.0,30.0,100.0
668,10.0,5.0,200.0,10.0,50.0,10.0,15.0,80.0,30.0,100.0
669,200.0,5.0,200.0,10.0,50.0,10.0,15.0,80.0,30.0,100.0
670,10.0,20.0,200.0,10.0,50.0,10.0,15.0,80.0,30.0,100.0
671,200.0,20.0,200.0,10.0,50.0,10.0,15.0,80.0,30.0,100.0
672,10.0,5.0,100.0,5.0,5.0,40.0,15.0,80.0,30.0,100.0
673,200.0,5.0,100.0,5.0,5.0,40.0,15.0,80.0,30.0,100.0
674,10.0,20.0,100.0,5.0,5.0,40.0,15.0,80.0,30.0,100.0
675,200.0,20.0,100.0,5.0,5.0,40.0,15.0,80.0,30.0,100.0
676,10.0,5.0,200.0,5.0,5.0,40.0,15.0,80.0,30.0,100.0
677,200.0,5.0,200.0,5.0,5.0,40.0,15.0,80.0,30.0,100.0
678,10.0,20.0,200.0,5.0,5.0,40.0,15.0,80.0,30.0,100.0
679,200.0,20.0,200.0,5.0,5.0,40.0,15.0,80.0,30.0,100.0
680,10.0,5.0,100.0,10.0,5.0,40.0,15.0,80.0,30.0,100.0
681,200.0,5.0,100.0,10.0,5.0,40.0,15.0,80.0,30.0,100.0
682,10.0,20.0,100.0,10.0,5.0,40.0,15.0,80.0,30.0,100.0
683,200.0,20.0,100.0,10.0,5.0,40.0,15.0,80.0,30.0,100.0
684,10.0,5.0,200.0,10.0,5.0,40.0,15.0,80.0,30.0,100.0
685,200.0,5.0,200.0,10.0,5.0,40.0,15.0,80.0,30.0,100.0
686,10.0,20.0,200.0,10.0,5.0,40.0,15.0,80.0,30.0,100.0
687,200.0,20.0,200.0,10.0,5.0,40.0,15.0,80.0,30.0,100.0
688,10.0,5.0,100.0,5.0,50.0,40.0,15.0,80.0,30.0,100.0
689,200.0,5.0,100.0,5.0,50.0,40.0,15.0,80.0,30.0,100.0
690,10.0,20.0,100.0,5.0,50.0,40.0,15.0,80.0,30.0,100.0
691,200.0,20.0,100.0,5.0,50.0,40.0,15.0,80.0,30.0,100.0
692,10.0,5.0,200.0,5.0,50.0,40.0,15.0,80.0,30.0,100.0
693,200.0,5.0,200.0,5.0,50.0,40.0,15.0,80.0,30.0,100.0
694,10.0,20.0,200.0,5.0,50.0,40.0,15.0,80.0,30.0,100.0
695,200.0,20.0,200.0,5.0,50.0,40.0,15.0,80.0,30.0,100.0
696,10.0,5.0,100.0,10.0,50.0,40.0,15.0,80.0,30.0,100.0
697,200.0,5.0,100.0,10.0,50.0,40.0,15.0,80.0,30.0,100.0
698,10.0,20.0,100.0,10.0,50.0,40.0,15.0,80.0,30.0,100.0
699,200.0,20.0,100.0,10.0,50.0,40.0,15.0,80.0,30.0,100.0
700,10.0,5.0,200.0,10.0,50.0,40.0,15.0,80.0,30.0,100.0
701,200.0,5.0,200.0,10.0,50.0,40.0,15.0,80.0,30.0,100.0
702,10.0,20.0,200.0,10.0,50.0,40.0,15.0,80.0,30.0,100.0
703,200.0,20.0,200.0,10.0,50.0,40.0,15.0,80.0,30.0,100.0
704,10.0,5.0,100.0,5.0,5.0,10.0,60.0,80.0,30.0,100.0
705,200.0,5.0,100.0,5.0,5.0,10.0,60.0,80.0,30.0,100.0
706,10.0,20.0,100.0,5.0,5.0,10.0,60.0,80.0,30.0,100.0
707,200.0,20.0,100.0,5.0,5.0,10.0,60.0,80.0,30.0,100.0
708,10.0,5.0,200.0,5.0,5.0,10.0,60.0,80.0,30.0,100.0
709,200.0,5.0,200.0,5.0,5.0,10.0,60.0,80.0,30.0,100.0
710,10.0,20.0,200.0,5.0,5.0,10.0,60.0,80.0,30.0,100.0
711,200.0,20.0,200.0,5.0,5.0,10.0,60.0,80.0,30.0,100.0
712,10.0,5.0,100.0,10.0,5.0,10.0,60.0,80.0,30.0,100.0
713,200.0,5.0,100.0,10.0,5.0,10.0,60.0,80.0,30.0,100.0
714,10.0,20.0,100.0,10.0,5.0,10.0,60.0,80.0,30.0,100.0
715,200.0,20.0,100.0,10.0,5.0,10.0,60.0,80.0,30.0,100.0
716,10.0,5.0,200.0,10.0,5.0,10.0,60.0,80.0,30.0,100.0
717,200.0,5.0,200.0,10.0,5.0,10.0,60.0,80.0,30.0,100.0
718,10.0,20.0,200.0,10.0,5.0,10.0,60.0,80.0,30.0,100.0
719,200.0,20.0,200.0,10.0,5.0,10.0,60.0,80.0,30.0,100.0
720,10.0,5.0,100.0,5.0,50.0,10.0,60.0,80.0,30.0,100.0
721,200.0,5.0,100.0,5.0,50.0,10.0,60.0,80.0,30.0,100.0
722,10.0,20.0,100.0,5.0,50.0,10.0,60.0,80.0,30.0,100.0
723,200.0,20.0,100.0,5.0,50.0,10.0,60.0,80.0,30.0,100.0
724,10.0,5.0,200.0,5.0,50.0,10.0,60.0,80.0,30.0,100.0
725,200.0,5.0,200.0,5.0,50.0,10.0,60.0,80.0,30.0,100.0
726,10.0,20.0,200.0,5.0,50.0,10.0,60.0,80.0,30.0,100.0
727,200.0,20.0,200.0,5.0,50.0,10.0,60.0,80.0,30.0,100.0
728,10.0,5.0,100.0,10.0,50.0,10.0,60.0,80.0,30.0,100.0
729,200.0,5.0,100.0,10.0,50.0,10.0,60.0,80.0,30.0,100.0
730,10.0,20.0,100.0,10.0,50.0,10.0,60.0,80.0,30.0,100.0
731,200.0,20.0,100.0,10.0,50.0,10.0,60.0,80.0,30.0,100.0
732,10.0,5.0,200.0,10.0,50.0,10.0,60.0,80.0,30.0,100.0
733,200.0,5.0,200.0,10.0,50.0,10.0,60.0,80.0,30.0,100.0
734,10.0,20.0,200.0,10.0,50.0,10.0,60.0,80.0,30.0,100.0
735,200.0,20.0,200.0,10.0,50.0,10.0,60.0,80.0,30.0,100.0
736,10.0,5.0,100.0,5.0,5.0,40.0,60.0,80.0,30.0,100.0
737,200.0,5.0,100.0,5.0,5.0,40.0,60.0,80.0,30.0,100.0
738,10.0,20.0,100.0,5.0,5.0,40.0,60.0,80.0,30.0,100.0
739,200.0,20.0,100.0,5.0,5.0,40.0,60.0,80.0,30.0,100.0
740,10.0,5.0,200.0,5.0,5.0,40.0,60.0,80.0,30.0,100.0
741,200.0,5.0,200.0,5.0,5.0,40.0,60.0,80.0,30.0,100.0
742,10.0,20.0,200.0,5.0,5.0,40.0,60.0,80.0,30.0,100.0
743,200.0,20.0,200.0,5.0,5.0,40.0,60.0,80.0,30.0,100.0
744,10.0,5.0,100.0,10.0,5.0,40.0,60.0,80.0,30.0,100.0
745,200.0,5.0,100.0,10.0,5.0,40.0,60.0,80.0,30.0,100.0
746,10.0,20.0,100.0,10.0,5.0,40.0,60.0,80.0,30.0,100.0
747,200.0,20.0,100.0,10.0,5.0,40.0,60.0,80.0,30.0,100.0
748,10.0,5.0,200.0,10.0,5.0,40.0,60.0,80.0,30.0,100.0
749,200.0,5.0,200.0,10.0,5.0,40.0,60.0,80.0,30.0,100.0
750,10.0,20.0,200.0,10.0,5.0,40.0,60.0,80.0,30.0,100.0
751,200.0,20.0,200.0,10.0,5.0,40.0,60.0,80.0,30.0,100.0
752,10.0,5.0,100.0,5.0,50.0,40.0,60.0,80.0,30.0,100.0
753,200.0,5.0,100.0,5.0,50.0,40.0,60.0,80.0,30.0,100.0
754,10.0,20.0,100.0,5.0,50.0,40.0,60.0,80.0,30.0,100.0
755,200.0,20.0,100.0,5.0,50.0,40.0,60.0,80.0,30.0,100.0
756,10.0,5.0,200.0,5.0,50.0,40.0,60.0,80.0,30.0,100.0
757,200.0,5.0,200.0,5.0,50.0,40.0,60.0,80.0,30.0,100.0
758,10.0,20.0,200.0,5.0,50.0,40.0,60.0,80.0,30.0,100.0
759,200.0,20.0,200.0,5.0,50.0,40.0,60.0,80.0,30.0,100.0
760,10.0,5.0,100.0,10.0,50.0,40.0,60.0,80.0,30.0,100.0
761,200.0,5.0,100.0,10.0,50.0,40.0,60.0,80.0,30.0,100.0
762,10.0,20.0,100.0,10.0,50.0,40.0,60.0,80.0,30.0,100.0
763,200.0,20.0,100.0,10.0,50.0,40.0,60.0,80.0,30.0,100.0
764,10.0,5.0,200.0,10.0,50.0,40.0,60.0,80.0,30.0,100.0
765,200.0,5.0,200.0,10.0,50.0,40.0,60.0,80.0,30.0,100.0
766,10.0,20.0,200.0,10.0,50.0,40.0,60.0,80.0,30.0,100.0
767,200.0,20.0,200.0,10.0,50.0,40.0,60.0,80.0,30.0,100.0
768,10.0,5.0,100.0,5.0,5.0,10.0,15.0,20.0,100.0,100.0
769,200.0,5.0,100.0,5.0,5.0,10.0,15.0,20.0,100.0,100.0
770,10.0,20.0,100.0,5.0,5.0,10.0,15.0,20.0,100.0,100.0
771,200.0,20.0,100.0,5.0,5.0,10.0,15.0,20.0,100.0,100.0
772,10.0,5.0,200.0,5.0,5.0,10.0,15.0,20.0,100.0,100.0
773,200.0,5.0,200.0,5.0,5.0,10.0,15.0,20.0,100.0,100.0
774,10.0,20.0,200.0,5.0,5.0,10.0,15.0,20.0,100.0,100.0
775,200.0,20.0,200.0,5.0,5.0,10.0,15.0,20.0,100.0,100.0
776,10.0,5.0,100.0,10.0,5.0,10.0,15.0,20.0,100.0,100.0
777,200.0,5.0,100.0,10.0,5.0,10.0,15.0,20.0,100.0,100.0
778,10.0,20.0,100.0,10.0,5.0,10.0,15.0,20.0,100.0,100.0
779,200.0,20.0,100.0,10.0,5.0,10.0,15.0,20.0,100.0,100.0
780,10.0,5.0,200.0,10.0,5.0,10.0,15.0,20.0,100.0,100.0
781,200.0,5.0,200.0,10.0,5.0,10.0,15.0,20.0,100.0,100.0
782,10.0,20.0,200.0,10.0,5.0,10.0,15.0,20.0,100.0,100.0
783,200.0,20.0,200.0,10.0,5.0,10.0,15.0,20.0,100.0,100.0
784,10.0,5.0,100.0,5.0,50.0,10.0,15.0,20.0,100.0,100.0
785,200.0,5.0,100.0,5.0,50.0,10.0,15.0,20.0,100.0,100.0
786,10.0,20.0,100.0,5.0,50.0,10.0,15.0,20.0,100.0,100.0
787,200.0,20.0,100.0,5.0,50.0,10.0,15.0,20.0,100.0,100.0
788,10.0,5.0,200.0,5.0,50.0,10.0,15.0,20.0,100.0,100.0
789,200.0,5.0,200.0,5.0,50.0,10.0,15.0,20.0,100.0,100.0
790,10.0,20.0,200.0,5.0,50.0,10.0,15.0,20.0,100.0,100.0
791,200.0,20.0,200.0,5.0,50.0,10.0,15.0,20.0,100.0,100.0
792,10.0,5.0,100.0,10.0,50.0,10.0,15.0,20.0,100.0,100.0
793,200.0,5.0,100.0,10.0,50.0,10.0,15.0,20.0,100.0,100.0
794,10.0,20.0,100.0,10.0,50.0,10.0,15.0,20.0,100.0,100.0
795,200.0,20.0,100.0,10.0,50.0,10.0,15.0,20.0,100.0,100.0
796,10.0,5.0,200.0,10.0,50.0,10.0,15.0,20.0,100.0,100.0
797,200.0,5.0,200.0,10.0,50.0,10.0,15.0,20.0,100.0,100.0
798,10.0,20.0,200.0,10.0,50.0,10.0,15.0,20.0,100.0,100.0
799,200.0,20.0,200.0,10.0,50.0,10.0,15.0,20.0,100.0,100.0
800,10.0,5.0,100.0,5.0,5.0,40.0,15.0,20.0,100.0,100.0
801,200.0,5.0,100.0,5.0,5.0,40.0,15.0,20.0,100.0,100.0
802,10.0,20.0,100.0,5.0,5.0,40.0,15.0,20.0,100.0,100.0
803,200.0,20.0,100.0,5.0,5.0,40.0,15.0,20.0,100.0,100.0
804,10.0,5.0,200.0,5.0,5.0,40.0,15.0,20.0,100.0,100.0
805,200.0,5.0,200.0,5.0,5.0,40.0,15.0,20.0,100.0,100.0
806,10.0,20.0,200.0,5.0,5.0,40.0,15.0,20.0,100.0,100.0
807,200.0,20.0,200.0,5.0,5.0,40.0,15.0,20.0,100.0,100.0
808,10.0,5.0,100.0,10.0,5.0,40.0,15.0,20.0,100.0,100.0
809,200.0,5.0,100.0,10.0,5.0,40.0,15.0,20.0,100.0,100.0
810,10.0,20.0,100.0,10.0,5.0,40.0,15.0,20.0,100.0,100.0
811,200.0,20.0,100.0,10.0,5.0,40.0,15.0,20.0,100.0,100.0
812,10.0,5.0,200.0,10.0,5.0,40.0,15.0,20.0,100.0,100.0
813,200.0,5.0,200.0,10.0,5.0,40.0,15.0,20.0,100.0,100.0
814,10.0,20.0,200.0,10.0,5.0,40.0,15.0,20.0,100.0,100.0
815,200.0,20.0,200.0,10.0,5.0,40.0,15.0,20.0,100.0,100.0
816,10.0,5.0,100.0,5.0,50.0,40.0,15.0,20.0,100.0,100.0
817,200.0,5.0,100.0,5.0,50.0,40.0,15.0,20.0,100.0,100.0
818,10.0,20.0,100.0,5.0,50.0,40.0,15.0,20.0,100.0,100.0
819,200.0,20.0,100.0,5.0,50.0,40.0,15.0,20.0,100.0,100.0
820,10.0,5.0,200.0,5.0,50.0,40.0,15.0,20.0,100.0,100.0
821,200.0,5.0,200.0,5.0,50.0,40.0,15.0,20.0,100.0,100.0
822,10.0,20.0,200.0,5.0,50.0,40.0,15.0,20.0,100.0,100.0
823,200.0,20.0,200.0,5.0,50.0,40.0,15.0,20.0,100.0,100.0
824,10.0,5.0,100.0,10.0,50.0,40.0,15.0,20.0,100.0,100.0
825,200.0,5.0,100.0,10.0,50.0,40.0,15.0,20.0,100.0,100.0
826,10.0,20.0,100.0,10.0,50.0,40.0,15.0,20.0,100.0,100.0
827,200.0,20.0,100.0,10.0,50.0,40.0,15.0,20.0,100.0,100.0
828,10.0,5.0,200.0,10.0,50.0,40.0,15.0,20.0,100.0,100.0
829,200.0,5.0,200.0,10.0,50.0,40.0,15.0,20.0,100.0,100.0
830,10.0,20.0,200.0,10.0,50.0,40.0,15.0,20.0,100.0,100.0
831,200.0,20.0,200.0,10.0,50.0,40.0,15.0,20.0,100.0,100.0
832,10.0,5.0,100.0,5.0,5.0,10.0,60.0,20.0,100.0,100.0
833,200.0,5.0,100.0,5.0,5.0,10.0,60.0,20.0,100.0,100.0
834,10.0,20.0,100.0,5.0,5.0,10.0,60.0,20.0,100.0,100.0
835,200.0,20.0,100.0,5.0,5.0,10.0,60.0,20.0,100.0,100.0
836,10.0,5.0,200.0,5.0,5.0,10.0,60.0,20.0,100.0,100.0
837,200.0,5.0,200.0,5.0,5.0,10.0,60.0,20.0,100.0,100.0
838,10.0,20.0,200.0,5.0,5.0,10.0,60.0,20.0,100.0,100.0
839,200.0,20.0,200.0,5.0,5.0,10.0,60.0,20.0,100.0,100.0
840,10.0,5.0,100.0,10.0,5.0,10.0,60.0,20.0,100.0,100.0
841,200.0,5.0,100.0,10.0,5.0,10.0,60.0,20.0,100.0,100.0
842,10.0,20.0,100.0,10.0,5.0,10.0,60.0,20.0,100.0,100.0
843,200.0,20.0,100.0,10.0,5.0,10.0,60.0,20.0,100.0,100.0
844,10.0,5.0,200.0,10.0,5.0,10.0,60.0,20.0,100.0,100.0
845,200.0,5.0,200.0,10.0,5.0,10.0,60.0,20.0,100.0,100.0
846,10.0,20.0,200.0,10.0,5.0,10.0,60.0,20.0,100.0,100.0
847,200.0,20.0,200.0,10.0,5.0,10.0,60.0,20.0,100.0,100.0
848,10.0,5.0,100.0,5.0,50.0,10.0,60.0,20.0,100.0,100.0
849,200.0,5.0,100.0,5.0,50.0,10.0,60.0,20.0,100.0,100.0
850,10.0,20.0,100.0,5.0,50.0,10.0,60.0,20.0,100.0,100.0
851,200.0,20.0,100.0,5.0,50.0,10.0,60.0,20.0,100.0,100.0
852,10.0,5.0,200.0,5.0,50.0,10.0,60.0,20.0,100.0,100.0
853,200.0,5.0,200.0,5.0,50.0,10.0,60.0,20.0,100.0,100.0
854,10.0,20.0,200.0,5.0,50.0,10.0,60.0,20.0,100.0,100.0
855,200.0,20.0,200.0,5.0,50.0,10.0,60.0,20.0,100.0,100.0
856,10.0,5.0,100.0,10.0,50.0,10.0,60.0,20.0,100.0,100.0
857,200.0,5.0,100.0,10.0,50.0,10.0,60.0,20.0,100.0,100.0
858,10.0,20.0,100.0,10.0,50.0,10.0,60.0,20.0,100.0,100.0
859,200.0,20.0,100.0,10.0,50.0,10.0,60.0,20.0,100.0,100.0
860,10.0,5.0,200.0,10.0,50.0,10.0,60.0,20.0,100.0,100.0
861,200.0,5.0,200.0,10.0,50.0,10.0,60.0,20.0,100.0,100.0
862,10.0,20.0,200.0,10.0,50.0,10.0,60.0,20.0,100.0,100.0
863,200.0,20.0,200.0,10.0,50.0,10.0,60.0,20.0,100.0,100.0
864,10.0,5.0,100.0,5.0,5.0,40.0,60.0,20.0,100.0,100.0
865,200.0,5.0,100.0,5.0,5.0,40.0,60.0,20.0,100.0,100.0
866,10.0,20.0,100.0,5.0,5.0,40.0,60.0,20.0,100.0,100.0
867,200.0,20.0,100.0,5.0,5.0,40.0,60.0,20.0,100.0,100.0
868,10.0,5.0,200.0,5.0,5.0,40.0,60.0,20.0,100.0,100.0
869,200.0,5.0,200.0,5.0,5.0,40.0,60.0,20.0,100.0,100.0
870,10.0,20.0,200.0,5.0,5.0,40.0,60.0,20.0,100.0,100.0
871,200.0,20.0,200.0,5.0,5.0,40.0,60.0,20.0,100.0,100.0
872,10.0,5.0,100.0,10.0,5.0,40.0,60.0,20.0,100.0,100.0
873,200.0,5.0,100.0,10.0,5.0,40.0,60.0,20.0,100.0,100.0
874,10.0,20.0,100.0,10.0,5.0,40.0,60.0,20.0,100.0,100.0
875,200.0,20.0,100.0,10.0,5.0,40.0,60.0,20.0,100.0,100.0
876,10.0,5.0,200.0,10.0,5.0,40.0,60.0,20.0,100.0,100.0
877,200.0,5.0,200.0,10.0,5.0,40.0,60.0,20.0,100.0,100.0
878,10.0,20.0,200.0,10.0,5.0,40.0,60.0,20.0,100.0,100.0
879,200.0,20.0,200.0,10.0,5.0,40.0,60.0,20.0,100.0,100.0
880,10.0,5.0,100.0,5.0,50.0,40.0,60.0,20.0,100.0,100.0
881,200.0,5.0,100.0,5.0,50.0,40.0,60.0,20.0,100.0,100.0
882,10.0,20.0,100.0,5.0,50.0,40.0,60.0,20.0,100.0,100.0
883,200.0,20.0,100.0,5.0,50.0,40.0,60.0,20.0,100.0,100.0
884,10.0,5.0,200.0,5.0,50.0,40.0,60.0,20.0,100.0,100.0
885,200.0,5.0,200.0,5.0,50.0,40.0,60.0,20.0,100.0,100.0
886,10.0,20.0,200.0,5.0,50.0,40.0,60.0,20.0,100.0,100.0
887,200.0,20.0,200.0,5.0,50.0,40.0,60.0,20.0,100.0,100.0
888,10.0,5.0,100.0,10.0,50.0,40.0,60.0,20.0,100.0,100.0
889,200.0,5.0,100.0,10.0,50.0,40.0,60.0,20.0,100.0,100.0
890,10.0,20.0,100.0,10.0,50.0,40.0,60.0,20.0,100.0,100.0
891,200.0,20.0,100.0,10.0,50.0,40.0,60.0,20.0,100.0,100.0
892,10.0,5.0,200.0,10.0,50.0,40.0,60.0,20.0,100.0,100.0
893,200.0,5.0,200.0,10.0,50.0,40.0,60.0,20.0,100.0,100.0
894,10.0,20.0,200.0,10.0,50.0,40.0,60.0,20.0,100.0,100.0
895,200.0,20.0,200.0,10.0,50.0,40.0,60.0,20.0,100.0,100.0
896,10.0,5.0,100.0,5.0,5.0,10.0,15.0,80.0,100.0,100.0
897,200.0,5.0,100.0,5.0,5.0,10.0,15.0,80.0,100.0,100.0
898,10.0,20.0,100.0,5.0,5.0,10.0,15.0,80.0,100.0,100.0
899,200.0,20.0,100.0,5.0,5.0,10.0,15.0,80.0,100.0,100.0
900,10.0,5.0,200.0,5.0,5.0,10.0,15.0,80.0,100.0,100.0
901,200.0,5.0,200.0,5.0,5.0,10.0,15.0,80.0,100.0,100.0
902,10.0,20.0,200.0,5.0,5.0,10.0,15.0,80.0,100.0,100.0
903,200.0,20.0,200.0,5.0,5.0,10.0,15.0,80.0,100.0,100.0
904,10.0,5.0,100.0,10.0,5.0,10.0,15.0,80.0,100.0,100.0
905,200.0,5.0,100.0,10.0,5.0,10.0,15.0,80.0,100.0,100.0
906,10.0,20.0,100.0,10.0,5.0,10.0,15.0,80.0,100.0,100.0
907,200.0,20.0,100.0,10.0,5.0,10.0,15.0,80.0,100.0,100.0
908,10.0,5.0,200.0,10.0,5.0,10.0,15.0,80.0,100.0,100.0
909,200.0,5.0,200.0,10.0,5.0,10.0,15.0,80.0,100.0,100.0
910,10.0,20.0,200.0,10.0,5.0,10.0,15.0,80.0,100.0,100.0
911,200.0,20.0,200.0,10.0,5.0,10.0,15.0,80.0,100.0,100.0
912,10.0,5.0,100.0,5.0,50.0,10.0,15.0,80.0,100.0,100.0
913,200.0,5.0,100.0,5.0,50.0,10.0,15.0,80.0,100.0,100.0
914,10.0,20.0,100.0,5.0,50.0,10.0,15.0,80.0,100.0,100.0
915,200.0,20.0,100.0,5.0,50.0,10.0,15.0,80.0,100.0,100.0
916,10.0,5.0,200.0,5.0,50.0,10.0,15.0,80.0,100.0,100.0
917,200.0,5.0,200.0,5.0,50.0,10.0,15.0,80.0,100.0,100.0
918,10.0,20.0,200.0,5.0,50.0,10.0,15.0,80.0,100.0,100.0
919,200.0,20.0,200.0,5.0,50.0,10.0,15.0,80.0,100.0,100.0
920,10.0,5.0,100.0,10.0,50.0,10.0,15.0,80.0,100.0,100.0
921,200.0,5.0,100.0,10.0,50.0,10.0,15.0,80.0,100.0,100.0
922,10.0,20.0,100.0,10.0,50.0,10.0,15.0,80.0,100.0,100.0
923,200.0,20.0,100.0,10.0,50.0,10.0,15.0,80.0,100.0,100.0
924,10.0,5.0,200.0,10.0,50.0,10.0,15.0,80.0,100.0,100.0
925,200.0,5.0,200.0,10.0,50.0,10.0,15.0,80.0,100.0,100.0
926,10.0,20.0,200.0,10.0,50.0,10.0,15.0,80.0,100.0,100.0
927,200.0,20.0,200.0,10.0,50.0,10.0,15.0,80.0,100.0,100.0
928,10.0,5.0,100.0,5.0,5.0,40.0,15.0,80.0,100.0,100.0
929,200.0,5.0,100.0,5.0,5.0,40.0,15.0,80.0,100.0,100.0
930,10.0,20.0,100.0,5.0,5.0,40.0,15.0,80.0,100.0,100.0
931,200.0,20.0,100.0,5.0,5.0,40.0,15.0,80.0,100.0,100.0
932,10.0,5.0,200.0,5.0,5.0,40.0,15.0,80.0,100.0,100.0
933,200.0,5.0,200.0,5.0,5.0,40.0,15.0,80.0,100.0,100.0
934,10.0,20.0,200.0,5.0,5.0,40.0,15.0,80.0,100.0,100.0
935,200.0,20.0,200.0,5.0,5.0,40.0,15.0,80.0,100.0,100.0
936,10.0,5.0,100.0,10.0,5.0,40.0,15.0,80.0,100.0,100.0
937,200.0,5.0,100.0,10.0,5.0,40.0,15.0,80.0,100.0,100.0
938,10.0,20.0,100.0,10.0,5.0,40.0,15.0,80.0,100.0,100.0
939,200.0,20.0,100.0,10.0,5.0,40.0,15.0,80.0,100.0,100.0
940,10.0,5.0,200.0,10.0,5.0,40.0,15.0,80.0,100.0,100.0
941,200.0,5.0,200.0,10.0,5.0,40.0,15.0,80.0,100.0,100.0
942,10.0,20.0,200.0,10.0,5.0,40.0,15.0,80.0,100.0,100.0
943,200.0,20.0,200.0,10.0,5.0,40.0,15.0,80.0,100.0,100.0
944,10.0,5.0,100.0,5.0,50.0,40.0,15.0,80.0,100.0,100.0
945,200.0,5.0,100.0,5.0,50.0,40.0,15.0,80.0,100.0,100.0
946,10.0,20.0,100.0,5.0,50.0,40.0,15.0,80.0,100.0,100.0
947,200.0,20.0,100.0,5.0,50.0,40.0,15.0,80.0,100.0,100.0
948,10.0,5.0,200.0,5.0,50.0,40.0,15.0,80.0,100.0,100.0
949,200.0,5.0,200.0,5.0,50.0,40.0,15.0,80.0,100.0,100.0
950,10.0,20.0,200.0,5.0,50.0,40.0,15.0,80.0,100.0,100.0
951,200.0,20.0,200.0,5.0,50.0,40.0,15.0,80.0,100.0,100.0
952,10.0,5.0,100.0,10.0,50.0,40.0,15.0,80.0,100.0,100.0
953,200.0,5.0,100.0,10.0,50.0,40.0,15.0,80.0,100.0,100.0
954,10.0,20.0,100.0,10.0,50.0,40.0,15.0,80.0,100.0,100.0
955,200.0,20.0,100.0,10.0,50.0,40.0,15.0,80.0,100.0,100.0
956,10.0,5.0,200.0,10.0,50.0,40.0,15.0,80.0,100.0,100.0
957,200.0,5.0,200.0,10.0,50.0,40.0,15.0,80.0,100.0,100.0
958,10.0,20.0,200.0,10.0,50.0,40.0,15.0,80.0,100.0,100.0
959,200.0,20.0,200.0,10.0,50.0,40.0,15.0,80.0,100.0,100.0
960,10.0,5.0,100.0,5.0,5.0,10.0,60.0,80.0,100.0,100.0
961,200.0,5.0,100.0,5.0,5.0,10.0,60.0,80.0,100.0,100.0
962,10.0,20.0,100.0,5.0,5.0,10.0,60.0,80.0,100.0,100.0
963,200.0,20.0,100.0,5.0,5.0,10.0,60.0,80.0,100.0,100.0
964,10.0,5.0,200.0,5.0,5.0,10.0,60.0,80.0,100.0,100.0
965,200.0,5.0,200.0,5.0,5.0,10.0,60.0,80.0,100.0,100.0
966,10.0,20.0,200.0,5.0,5.0,10.0,60.0,80.0,100.0,100.0
967,200.0,20.0,200.0,5.0,5.0,10.0,60.0,80.0,100.0,100.0
968,10.0,5.0,100.0,10.0,5.0,10.0,60.0,80.0,100.0,100.0
969,200.0,5.0,100.0,10.0,5.0,10.0,60.0,80.0,100.0,100.0
970,10.0,20.0,100.0,10.0,5.0,10.0,60.0,80.0,100.0,100.0
971,200.0,20.0,100.0,10.0,5.0,10.0,60.0,80.0,100.0,100.0
972,10.0,5.0,200.0,10.0,5.0,10.0,60.0,80.0,100.0,100.0
973,200.0,5.0,200.0,10.0,5.0,10.0,60.0,80.0,100.0,100.0
974,10.0,20.0,200.0,10.0,5.0,10.0,60.0,80.0,100.0,100.0
975,200.0,20.0,200.0,10.0,5.0,10.0,60.0,80.0,100.0,100.0
976,10.0,5.0,100.0,5.0,50.0,10.0,60.0,80.0,100.0,100.0
977,200.0,5.0,100.0,5.0,50.0,10.0,60.0,80.0,100.0,100.0
978,10.0,20.0,100.0,5.0,50.0,10.0,60.0,80.0,100.0,100.0
979,200.0,20.0,100.0,5.0,50.0,10.0,60.0,80.0,100.0,100.0
980,10.0,5.0,200.0,5.0,50.0,10.0,60.0,80.0,100.0,100.0
981,200.0,5.0,200.0,5.0,50.0,10.0,60.0,80.0,100.0,100.0
982,10.0,20.0,200.0,5.0,50.0,10.0,60.0,80.0,100.0,100.0
983,200.0,20.0,200.0,5.0,50.0,10.0,60.0,80.0,100.0,100.0
984,10.0,5.0,100.0,10.0,50.0,10.0,60.0,80.0,100.0,100.0
985,200.0,5.0,100.0,10.0,50.0,10.0,60.0,80.0,100.0,100.0
986,10.0,20.0,100.0,10.0,50.0,10.0,60.0,80.0,100.0,100.0
987,200.0,20.0,100.0,10.0,50.0,10.0,60.0,80.0,100.0,100.0
988,10.0,5.0,200.0,10.0,50.0,10.0,60.0,80.0,100.0,100.0
989,200.0,5.0,200.0,10.0,50.0,10.0,60.0,80.0,100.0,100.0
990,10.0,20.0,200.0,10.0,50.0,10.0,60.0,80.0,100.0,100.0
991,200.0,20.0,200.0,10.0,50.0,10.0,60.0,80.0,100.0,100.0
992,10.0,5.0,100.0,5.0,5.0,40.0,60.0,80.0,100.0,100.0
993,200.0,5.0,100.0,5.0,5.0,40.0,60.0,80.0,100.0,100.0
994,10.0,20.0,100.0,5.0,5.0,40.0,60.0,80.0,100.0,100.0
995,200.0,20.0,100.0,5.0,5.0,40.0,60.0,80.0,100.0,100.0
996,10.0,5.0,200.0,5.0,5.0,40.0,60.0,80.0,100.0,100.0
997,200.0,5.0,200.0,5.0,5.0,40.0,60.0,80.0,100.0,100.0
998,10.0,20.0,200.0,5.0,5.0,40.0,60.0,80.0,100.0,100.0
999,200.0,20.0,200.0,5.0,5.0,40.0,60.0,80.0,100.0,100.0
1000,10.0,5.0,100.0,10.0,5.0,40.0,60.0,80.0,100.0,100.0
1001,200.0,5.0,100.0,10.0,5.0,40.0,60.0,80.0,100.0,100.0
1002,10.0,20.0,100.0,10.0,5.0,40.0,60.0,80.0,100.0,100.0
1003,200.0,20.0,100.0,10.0,5.0,40.0,60.0,80.0,100.0,100.0
1004,10.0,5.0,200.0,10.0,5.0,40.0,60.0,80.0,100.0,100.0
1005,200.0,5.0,200.0,10.0,5.0,40.0,60.0,80.0,100.0,100.0
1006,10.0,20.0,200.0,10.0,5.0,40.0,60.0,80.0,100.0,100.0
1007,200.0,20.0,200.0,10.0,5.0,40.0,60.0,80.0,100.0,100.0
1008,10.0,5.0,100.0,5.0,50.0,40.0,60.0,80.0,100.0,100.0
1009,200.0,5.0,100.0,5.0,50.0,40.0,60.0,80.0,100.0,100.0
1010,10.0,20.0,100.0,5.0,50.0,40.0,60.0,80.0,100.0,100.0
1011,200.0,20.0,100.0,5.0,50.0,40.0,60.0,80.0,100.0,100.0
1012,10.0,5.0,200.0,5.0,50.0,40.0,60.0,80.0,100.0,100.0
1013,200.0,5.0,200.0,5.0,50.0,40.0,60.0,80.0,100.0,100.0
1014,10.0,20.0,200.0,5.0,50.0,40.0,60.0,80.0,100.0,100.0
1015,200.0,20.0,200.0,5.0,50.0,40.0,60.0,80.0,100.0,100.0
1016,10.0,5.0,100.0,10.0,50.0,40.0,60.0,80.0,100.0,100.0
1017,200.0,5.0,100.0,10.0,50.0,40.0,60.0,80.0,100.0,100.0
1018,10.0,20.0,100.0,10.0,50.0,40.0,60.0,80.0,100.0,100.0
1019,200.0,20.0,100.0,10.0,50.0,40.0,60.0,80.0,100.0,100.0
1020,10.0,5.0,200.0,10.0,50.0,40.0,60.0,80.0,100.0,100.0
1021,200.0,5.0,200.0,10.0,50.0,40.0,60.0,80.0,100.0,100.0
1022,10.0,20.0,200.0,10.0,50.0,40.0,60.0,80.0,100.0,100.0
1023,200.0,20.0,200.0,10.0,50.0,40.0,60.0,80.0,100.0,100.0
1024,10.0,12.5,150.0,7.5,27.5,25.0,37.5,50.0,65.0,65.0
1025,200.0,12.5,150.0,7.5,27.5,25.0,37.5,50.0,65.0,65.0
1026,105.0,5.0,150.0,7.5,27.5,25.0,37.5,50.0,65.0,65.0
1027,105.0,20.0,150.0,7.5,27.5,25.0,37.5,50.0,65.0,65.0
1028,105.0,12.5,100.0,7.5,27.5,25.0,37.5,50.0,65.0,65.0
1029,105.0,12.5,200.0,7.5,27.5,25.0,37.5,50.0,65.0,65.0
1030,105.0,12.5,150.0,5.0,27.5,25.0,37.5,50.0,65.0,65.0
1031,105.0,12.5,150.0,10.0,27.5,25.0,37.5,50.0,65.0,65.0
1032,105.0,12.5,150.0,7.5,5.0,25.0,37.5,50.0,65.0,65.0
1033,105.0,12.5,150.0,7.5,50.0,25.0,37.5,50.0,65.0,65.0
1034,105.0,12.5,150.0,7.5,27.5,10.0,37.5,50.0,65.0,65.0
1035,105.0,12.5,150.0,7.5,27.5,40.0,37.5,50.0,65.0,65.0
1036,105.0,12.5,150.0,7.5,27.5,25.0,15.0,50.0,65.0,65.0
1037,105.0,12.5,150.0,7.5,27.5,25.0,60.0,50.0,65.0,65.0
1038,105.0,12.5,150.0,7.5,27.5,25.0,37.5,20.0,65.0,65.0
1039,105.0,12.5,150.0,7.5,27.5,25.0,37.5,80.0,65.0,65.0
1040,105.0,12.5,150.0,7.5,27.5,25.0,37.5,50.0,30.0,65.0
1041,105.0,12.5,150.0,7.5,27.5,25.0,37.5,50.0,100.0,65.0
1042,105.0,12.5,150.0,7.5,27.5,25.0,37.5,50.0,65.0,30.0
1043,105.0,12.5,150.0,7.5,27.5,25.0,37.5,50.0,65.0,100.0
1044,105.0,12.5,150.0,7.5,27.5,25.0,37.5,50.0,65.0,65.0
